Drug,SideEffect,Pair,Quarter,QuarterOrder,SignalScore,Reported,PairOutcome
ADALIMUMAB,PNEUMONIA,ADALIMUMAB - PNEUMONIA,2019Q1,8077,-1.146,21,Sustained
ADALIMUMAB,PNEUMONIA,ADALIMUMAB - PNEUMONIA,2019Q2,8078,-0.377,55,Sustained
ADALIMUMAB,PNEUMONIA,ADALIMUMAB - PNEUMONIA,2019Q3,8079,-0.394,77,Sustained
ADALIMUMAB,PNEUMONIA,ADALIMUMAB - PNEUMONIA,2019Q4,8080,-0.278,107,Sustained
ADALIMUMAB,PNEUMONIA,ADALIMUMAB - PNEUMONIA,2020Q1,8081,-0.104,146,Sustained
ADALIMUMAB,PNEUMONIA,ADALIMUMAB - PNEUMONIA,2020Q2,8082,-0.060,180,Sustained
ADALIMUMAB,PNEUMONIA,ADALIMUMAB - PNEUMONIA,2020Q3,8083,0.044,225,Sustained
ADALIMUMAB,PNEUMONIA,ADALIMUMAB - PNEUMONIA,2020Q4,8084,0.169,276,Sustained
ADALIMUMAB,PNEUMONIA,ADALIMUMAB - PNEUMONIA,2021Q1,8085,0.266,336,Sustained
ADALIMUMAB,PNEUMONIA,ADALIMUMAB - PNEUMONIA,2021Q2,8086,0.349,397,Sustained
ADALIMUMAB,PNEUMONIA,ADALIMUMAB - PNEUMONIA,2021Q3,8087,0.449,469,Sustained
ADALIMUMAB,PNEUMONIA,ADALIMUMAB - PNEUMONIA,2021Q4,8088,0.583,561,Sustained
ADALIMUMAB,PNEUMONIA,ADALIMUMAB - PNEUMONIA,2022Q1,8089,0.673,652,Sustained
ADALIMUMAB,PNEUMONIA,ADALIMUMAB - PNEUMONIA,2022Q2,8090,0.740,742,Sustained
ADALIMUMAB,PNEUMONIA,ADALIMUMAB - PNEUMONIA,2022Q3,8091,0.777,821,Sustained
ADALIMUMAB,PNEUMONIA,ADALIMUMAB - PNEUMONIA,2022Q4,8092,0.803,897,Sustained
ADALIMUMAB,PNEUMONIA,ADALIMUMAB - PNEUMONIA,2023Q1,8093,0.847,991,Sustained
ADALIMUMAB,PNEUMONIA,ADALIMUMAB - PNEUMONIA,2023Q2,8094,0.878,1075,Sustained
ADALIMUMAB,PNEUMONIA,ADALIMUMAB - PNEUMONIA,2023Q3,8095,0.927,1185,Sustained
ADALIMUMAB,PNEUMONIA,ADALIMUMAB - PNEUMONIA,2023Q4,8096,0.955,1271,Sustained
ADALIMUMAB,PNEUMONIA,ADALIMUMAB - PNEUMONIA,2024Q1,8097,0.990,1371,Sustained
ADALIMUMAB,PNEUMONIA,ADALIMUMAB - PNEUMONIA,2024Q2,8098,1.013,1466,Sustained
ADALIMUMAB,PNEUMONIA,ADALIMUMAB - PNEUMONIA,2024Q3,8099,1.028,1561,Sustained
ADALIMUMAB,PNEUMONIA,ADALIMUMAB - PNEUMONIA,2024Q4,8100,1.042,1644,Sustained
ADALIMUMAB,PNEUMONIA,ADALIMUMAB - PNEUMONIA,2025Q1,8101,1.057,1734,Sustained
ALLOPURINOL,STEVENS-JOHNSON SYNDROME,ALLOPURINOL - STEVENS-JOHNSON SYNDROME,2019Q1,8077,0.231,16,Sustained
ALLOPURINOL,STEVENS-JOHNSON SYNDROME,ALLOPURINOL - STEVENS-JOHNSON SYNDROME,2019Q2,8078,0.992,42,Sustained
ALLOPURINOL,STEVENS-JOHNSON SYNDROME,ALLOPURINOL - STEVENS-JOHNSON SYNDROME,2019Q3,8079,1.396,80,Sustained
ALLOPURINOL,STEVENS-JOHNSON SYNDROME,ALLOPURINOL - STEVENS-JOHNSON SYNDROME,2019Q4,8080,1.655,128,Sustained
ALLOPURINOL,STEVENS-JOHNSON SYNDROME,ALLOPURINOL - STEVENS-JOHNSON SYNDROME,2020Q1,8081,1.886,185,Sustained
ALLOPURINOL,STEVENS-JOHNSON SYNDROME,ALLOPURINOL - STEVENS-JOHNSON SYNDROME,2020Q2,8082,2.137,264,Sustained
ALLOPURINOL,STEVENS-JOHNSON SYNDROME,ALLOPURINOL - STEVENS-JOHNSON SYNDROME,2020Q3,8083,2.305,351,Sustained
ALLOPURINOL,STEVENS-JOHNSON SYNDROME,ALLOPURINOL - STEVENS-JOHNSON SYNDROME,2020Q4,8084,2.429,447,Sustained
ALLOPURINOL,STEVENS-JOHNSON SYNDROME,ALLOPURINOL - STEVENS-JOHNSON SYNDROME,2021Q1,8085,2.496,530,Sustained
ALLOPURINOL,STEVENS-JOHNSON SYNDROME,ALLOPURINOL - STEVENS-JOHNSON SYNDROME,2021Q2,8086,2.624,667,Sustained
ALLOPURINOL,STEVENS-JOHNSON SYNDROME,ALLOPURINOL - STEVENS-JOHNSON SYNDROME,2021Q3,8087,2.722,810,Sustained
ALLOPURINOL,STEVENS-JOHNSON SYNDROME,ALLOPURINOL - STEVENS-JOHNSON SYNDROME,2021Q4,8088,2.815,962,Sustained
ALLOPURINOL,STEVENS-JOHNSON SYNDROME,ALLOPURINOL - STEVENS-JOHNSON SYNDROME,2022Q1,8089,2.874,1115,Sustained
ALLOPURINOL,STEVENS-JOHNSON SYNDROME,ALLOPURINOL - STEVENS-JOHNSON SYNDROME,2022Q2,8090,2.919,1259,Sustained
ALLOPURINOL,STEVENS-JOHNSON SYNDROME,ALLOPURINOL - STEVENS-JOHNSON SYNDROME,2022Q3,8091,2.960,1405,Sustained
ALLOPURINOL,STEVENS-JOHNSON SYNDROME,ALLOPURINOL - STEVENS-JOHNSON SYNDROME,2022Q4,8092,2.987,1547,Sustained
ALLOPURINOL,STEVENS-JOHNSON SYNDROME,ALLOPURINOL - STEVENS-JOHNSON SYNDROME,2023Q1,8093,3.014,1676,Sustained
ALLOPURINOL,STEVENS-JOHNSON SYNDROME,ALLOPURINOL - STEVENS-JOHNSON SYNDROME,2023Q2,8094,3.043,1816,Sustained
ALLOPURINOL,STEVENS-JOHNSON SYNDROME,ALLOPURINOL - STEVENS-JOHNSON SYNDROME,2023Q3,8095,3.061,1965,Sustained
ALLOPURINOL,STEVENS-JOHNSON SYNDROME,ALLOPURINOL - STEVENS-JOHNSON SYNDROME,2023Q4,8096,3.076,2111,Sustained
ALLOPURINOL,STEVENS-JOHNSON SYNDROME,ALLOPURINOL - STEVENS-JOHNSON SYNDROME,2024Q1,8097,3.096,2240,Sustained
ALLOPURINOL,STEVENS-JOHNSON SYNDROME,ALLOPURINOL - STEVENS-JOHNSON SYNDROME,2024Q2,8098,3.107,2382,Sustained
ALLOPURINOL,STEVENS-JOHNSON SYNDROME,ALLOPURINOL - STEVENS-JOHNSON SYNDROME,2024Q3,8099,3.112,2508,Sustained
ALLOPURINOL,STEVENS-JOHNSON SYNDROME,ALLOPURINOL - STEVENS-JOHNSON SYNDROME,2024Q4,8100,3.124,2662,Sustained
ALLOPURINOL,STEVENS-JOHNSON SYNDROME,ALLOPURINOL - STEVENS-JOHNSON SYNDROME,2025Q1,8101,3.132,2814,Sustained
AMIODARONE,PULMONARY FIBROSIS,AMIODARONE - PULMONARY FIBROSIS,2019Q1,8077,0.738,23,Sustained
AMIODARONE,PULMONARY FIBROSIS,AMIODARONE - PULMONARY FIBROSIS,2019Q2,8078,1.719,74,Sustained
AMIODARONE,PULMONARY FIBROSIS,AMIODARONE - PULMONARY FIBROSIS,2019Q3,8079,2.008,132,Sustained
AMIODARONE,PULMONARY FIBROSIS,AMIODARONE - PULMONARY FIBROSIS,2019Q4,8080,2.340,224,Sustained
AMIODARONE,PULMONARY FIBROSIS,AMIODARONE - PULMONARY FIBROSIS,2020Q1,8081,2.467,308,Sustained
AMIODARONE,PULMONARY FIBROSIS,AMIODARONE - PULMONARY FIBROSIS,2020Q2,8082,2.575,417,Sustained
AMIODARONE,PULMONARY FIBROSIS,AMIODARONE - PULMONARY FIBROSIS,2020Q3,8083,2.697,542,Sustained
AMIODARONE,PULMONARY FIBROSIS,AMIODARONE - PULMONARY FIBROSIS,2020Q4,8084,2.785,677,Sustained
AMIODARONE,PULMONARY FIBROSIS,AMIODARONE - PULMONARY FIBROSIS,2021Q1,8085,2.848,804,Sustained
AMIODARONE,PULMONARY FIBROSIS,AMIODARONE - PULMONARY FIBROSIS,2021Q2,8086,2.930,960,Sustained
AMIODARONE,PULMONARY FIBROSIS,AMIODARONE - PULMONARY FIBROSIS,2021Q3,8087,3.024,1160,Sustained
AMIODARONE,PULMONARY FIBROSIS,AMIODARONE - PULMONARY FIBROSIS,2021Q4,8088,3.075,1350,Sustained
AMIODARONE,PULMONARY FIBROSIS,AMIODARONE - PULMONARY FIBROSIS,2022Q1,8089,3.137,1566,Sustained
AMIODARONE,PULMONARY FIBROSIS,AMIODARONE - PULMONARY FIBROSIS,2022Q2,8090,3.193,1792,Sustained
AMIODARONE,PULMONARY FIBROSIS,AMIODARONE - PULMONARY FIBROSIS,2022Q3,8091,3.239,2050,Sustained
AMIODARONE,PULMONARY FIBROSIS,AMIODARONE - PULMONARY FIBROSIS,2022Q4,8092,3.273,2274,Sustained
AMIODARONE,PULMONARY FIBROSIS,AMIODARONE - PULMONARY FIBROSIS,2023Q1,8093,3.306,2493,Sustained
AMIODARONE,PULMONARY FIBROSIS,AMIODARONE - PULMONARY FIBROSIS,2023Q2,8094,3.324,2697,Sustained
AMIODARONE,PULMONARY FIBROSIS,AMIODARONE - PULMONARY FIBROSIS,2023Q3,8095,3.340,2918,Sustained
AMIODARONE,PULMONARY FIBROSIS,AMIODARONE - PULMONARY FIBROSIS,2023Q4,8096,3.362,3146,Sustained
AMIODARONE,PULMONARY FIBROSIS,AMIODARONE - PULMONARY FIBROSIS,2024Q1,8097,3.380,3380,Sustained
AMIODARONE,PULMONARY FIBROSIS,AMIODARONE - PULMONARY FIBROSIS,2024Q2,8098,3.396,3614,Sustained
AMIODARONE,PULMONARY FIBROSIS,AMIODARONE - PULMONARY FIBROSIS,2024Q3,8099,3.406,3838,Sustained
AMIODARONE,PULMONARY FIBROSIS,AMIODARONE - PULMONARY FIBROSIS,2024Q4,8100,3.419,4067,Sustained
AMIODARONE,PULMONARY FIBROSIS,AMIODARONE - PULMONARY FIBROSIS,2025Q1,8101,3.430,4304,Sustained
APIXABAN,GASTROINTESTINAL HAEMORRHAGE,APIXABAN - GASTROINTESTINAL HAEMORRHAGE,2019Q1,8077,-1.085,20,Sustained
APIXABAN,GASTROINTESTINAL HAEMORRHAGE,APIXABAN - GASTROINTESTINAL HAEMORRHAGE,2019Q2,8078,-0.449,53,Sustained
APIXABAN,GASTROINTESTINAL HAEMORRHAGE,APIXABAN - GASTROINTESTINAL HAEMORRHAGE,2019Q3,8079,-0.011,102,Sustained
APIXABAN,GASTROINTESTINAL HAEMORRHAGE,APIXABAN - GASTROINTESTINAL HAEMORRHAGE,2019Q4,8080,0.253,161,Sustained
APIXABAN,GASTROINTESTINAL HAEMORRHAGE,APIXABAN - GASTROINTESTINAL HAEMORRHAGE,2020Q1,8081,0.380,223,Sustained
APIXABAN,GASTROINTESTINAL HAEMORRHAGE,APIXABAN - GASTROINTESTINAL HAEMORRHAGE,2020Q2,8082,0.540,303,Sustained
APIXABAN,GASTROINTESTINAL HAEMORRHAGE,APIXABAN - GASTROINTESTINAL HAEMORRHAGE,2020Q3,8083,0.674,395,Sustained
APIXABAN,GASTROINTESTINAL HAEMORRHAGE,APIXABAN - GASTROINTESTINAL HAEMORRHAGE,2020Q4,8084,0.779,508,Sustained
APIXABAN,GASTROINTESTINAL HAEMORRHAGE,APIXABAN - GASTROINTESTINAL HAEMORRHAGE,2021Q1,8085,0.847,615,Sustained
APIXABAN,GASTROINTESTINAL HAEMORRHAGE,APIXABAN - GASTROINTESTINAL HAEMORRHAGE,2021Q2,8086,0.927,741,Sustained
APIXABAN,GASTROINTESTINAL HAEMORRHAGE,APIXABAN - GASTROINTESTINAL HAEMORRHAGE,2021Q3,8087,0.980,866,Sustained
APIXABAN,GASTROINTESTINAL HAEMORRHAGE,APIXABAN - GASTROINTESTINAL HAEMORRHAGE,2021Q4,8088,1.032,1010,Sustained
APIXABAN,GASTROINTESTINAL HAEMORRHAGE,APIXABAN - GASTROINTESTINAL HAEMORRHAGE,2022Q1,8089,1.067,1148,Sustained
APIXABAN,GASTROINTESTINAL HAEMORRHAGE,APIXABAN - GASTROINTESTINAL HAEMORRHAGE,2022Q2,8090,1.098,1292,Sustained
APIXABAN,GASTROINTESTINAL HAEMORRHAGE,APIXABAN - GASTROINTESTINAL HAEMORRHAGE,2022Q3,8091,1.141,1454,Sustained
APIXABAN,GASTROINTESTINAL HAEMORRHAGE,APIXABAN - GASTROINTESTINAL HAEMORRHAGE,2022Q4,8092,1.182,1626,Sustained
APIXABAN,GASTROINTESTINAL HAEMORRHAGE,APIXABAN - GASTROINTESTINAL HAEMORRHAGE,2023Q1,8093,1.213,1797,Sustained
APIXABAN,GASTROINTESTINAL HAEMORRHAGE,APIXABAN - GASTROINTESTINAL HAEMORRHAGE,2023Q2,8094,1.238,1960,Sustained
APIXABAN,GASTROINTESTINAL HAEMORRHAGE,APIXABAN - GASTROINTESTINAL HAEMORRHAGE,2023Q3,8095,1.254,2106,Sustained
APIXABAN,GASTROINTESTINAL HAEMORRHAGE,APIXABAN - GASTROINTESTINAL HAEMORRHAGE,2023Q4,8096,1.278,2273,Sustained
APIXABAN,GASTROINTESTINAL HAEMORRHAGE,APIXABAN - GASTROINTESTINAL HAEMORRHAGE,2024Q1,8097,1.283,2415,Sustained
APIXABAN,GASTROINTESTINAL HAEMORRHAGE,APIXABAN - GASTROINTESTINAL HAEMORRHAGE,2024Q2,8098,1.297,2567,Sustained
APIXABAN,GASTROINTESTINAL HAEMORRHAGE,APIXABAN - GASTROINTESTINAL HAEMORRHAGE,2024Q3,8099,1.315,2737,Sustained
APIXABAN,GASTROINTESTINAL HAEMORRHAGE,APIXABAN - GASTROINTESTINAL HAEMORRHAGE,2024Q4,8100,1.323,2884,Sustained
APIXABAN,GASTROINTESTINAL HAEMORRHAGE,APIXABAN - GASTROINTESTINAL HAEMORRHAGE,2025Q1,8101,1.336,3051,Sustained
ATORVASTATIN,RHABDOMYOLYSIS,ATORVASTATIN - RHABDOMYOLYSIS,2019Q1,8077,-0.066,40,Sustained
ATORVASTATIN,RHABDOMYOLYSIS,ATORVASTATIN - RHABDOMYOLYSIS,2019Q2,8078,0.528,112,Sustained
ATORVASTATIN,RHABDOMYOLYSIS,ATORVASTATIN - RHABDOMYOLYSIS,2019Q3,8079,0.837,204,Sustained
ATORVASTATIN,RHABDOMYOLYSIS,ATORVASTATIN - RHABDOMYOLYSIS,2019Q4,8080,1.106,325,Sustained
ATORVASTATIN,RHABDOMYOLYSIS,ATORVASTATIN - RHABDOMYOLYSIS,2020Q1,8081,1.234,448,Sustained
ATORVASTATIN,RHABDOMYOLYSIS,ATORVASTATIN - RHABDOMYOLYSIS,2020Q2,8082,1.379,601,Sustained
ATORVASTATIN,RHABDOMYOLYSIS,ATORVASTATIN - RHABDOMYOLYSIS,2020Q3,8083,1.471,747,Sustained
ATORVASTATIN,RHABDOMYOLYSIS,ATORVASTATIN - RHABDOMYOLYSIS,2020Q4,8084,1.596,949,Sustained
ATORVASTATIN,RHABDOMYOLYSIS,ATORVASTATIN - RHABDOMYOLYSIS,2021Q1,8085,1.689,1170,Sustained
ATORVASTATIN,RHABDOMYOLYSIS,ATORVASTATIN - RHABDOMYOLYSIS,2021Q2,8086,1.773,1386,Sustained
ATORVASTATIN,RHABDOMYOLYSIS,ATORVASTATIN - RHABDOMYOLYSIS,2021Q3,8087,1.839,1634,Sustained
ATORVASTATIN,RHABDOMYOLYSIS,ATORVASTATIN - RHABDOMYOLYSIS,2021Q4,8088,1.911,1916,Sustained
ATORVASTATIN,RHABDOMYOLYSIS,ATORVASTATIN - RHABDOMYOLYSIS,2022Q1,8089,1.980,2211,Sustained
ATORVASTATIN,RHABDOMYOLYSIS,ATORVASTATIN - RHABDOMYOLYSIS,2022Q2,8090,2.027,2491,Sustained
ATORVASTATIN,RHABDOMYOLYSIS,ATORVASTATIN - RHABDOMYOLYSIS,2022Q3,8091,2.067,2792,Sustained
ATORVASTATIN,RHABDOMYOLYSIS,ATORVASTATIN - RHABDOMYOLYSIS,2022Q4,8092,2.106,3086,Sustained
ATORVASTATIN,RHABDOMYOLYSIS,ATORVASTATIN - RHABDOMYOLYSIS,2023Q1,8093,2.133,3400,Sustained
ATORVASTATIN,RHABDOMYOLYSIS,ATORVASTATIN - RHABDOMYOLYSIS,2023Q2,8094,2.157,3687,Sustained
ATORVASTATIN,RHABDOMYOLYSIS,ATORVASTATIN - RHABDOMYOLYSIS,2023Q3,8095,2.185,4017,Sustained
ATORVASTATIN,RHABDOMYOLYSIS,ATORVASTATIN - RHABDOMYOLYSIS,2023Q4,8096,2.201,4315,Sustained
ATORVASTATIN,RHABDOMYOLYSIS,ATORVASTATIN - RHABDOMYOLYSIS,2024Q1,8097,2.218,4611,Sustained
ATORVASTATIN,RHABDOMYOLYSIS,ATORVASTATIN - RHABDOMYOLYSIS,2024Q2,8098,2.232,4908,Sustained
ATORVASTATIN,RHABDOMYOLYSIS,ATORVASTATIN - RHABDOMYOLYSIS,2024Q3,8099,2.244,5216,Sustained
ATORVASTATIN,RHABDOMYOLYSIS,ATORVASTATIN - RHABDOMYOLYSIS,2024Q4,8100,2.254,5506,Sustained
ATORVASTATIN,RHABDOMYOLYSIS,ATORVASTATIN - RHABDOMYOLYSIS,2025Q1,8101,2.265,5808,Sustained
CANAGLIFLOZIN,AMPUTATION,CANAGLIFLOZIN - AMPUTATION,2019Q1,8077,-3.082,3,Sustained
CANAGLIFLOZIN,AMPUTATION,CANAGLIFLOZIN - AMPUTATION,2019Q2,8078,-1.362,11,Sustained
CANAGLIFLOZIN,AMPUTATION,CANAGLIFLOZIN - AMPUTATION,2019Q3,8079,-0.824,20,Sustained
CANAGLIFLOZIN,AMPUTATION,CANAGLIFLOZIN - AMPUTATION,2019Q4,8080,-0.140,37,Sustained
CANAGLIFLOZIN,AMPUTATION,CANAGLIFLOZIN - AMPUTATION,2020Q1,8081,0.577,70,Sustained
CANAGLIFLOZIN,AMPUTATION,CANAGLIFLOZIN - AMPUTATION,2020Q2,8082,1.144,122,Sustained
CANAGLIFLOZIN,AMPUTATION,CANAGLIFLOZIN - AMPUTATION,2020Q3,8083,1.529,188,Sustained
CANAGLIFLOZIN,AMPUTATION,CANAGLIFLOZIN - AMPUTATION,2020Q4,8084,1.796,259,Sustained
CANAGLIFLOZIN,AMPUTATION,CANAGLIFLOZIN - AMPUTATION,2021Q1,8085,2.054,358,Sustained
CANAGLIFLOZIN,AMPUTATION,CANAGLIFLOZIN - AMPUTATION,2021Q2,8086,2.238,458,Sustained
CANAGLIFLOZIN,AMPUTATION,CANAGLIFLOZIN - AMPUTATION,2021Q3,8087,2.372,563,Sustained
CANAGLIFLOZIN,AMPUTATION,CANAGLIFLOZIN - AMPUTATION,2021Q4,8088,2.506,695,Sustained
CANAGLIFLOZIN,AMPUTATION,CANAGLIFLOZIN - AMPUTATION,2022Q1,8089,2.616,835,Sustained
CANAGLIFLOZIN,AMPUTATION,CANAGLIFLOZIN - AMPUTATION,2022Q2,8090,2.733,1010,Sustained
CANAGLIFLOZIN,AMPUTATION,CANAGLIFLOZIN - AMPUTATION,2022Q3,8091,2.802,1166,Sustained
CANAGLIFLOZIN,AMPUTATION,CANAGLIFLOZIN - AMPUTATION,2022Q4,8092,2.857,1325,Sustained
CANAGLIFLOZIN,AMPUTATION,CANAGLIFLOZIN - AMPUTATION,2023Q1,8093,2.912,1493,Sustained
CANAGLIFLOZIN,AMPUTATION,CANAGLIFLOZIN - AMPUTATION,2023Q2,8094,2.961,1644,Sustained
CANAGLIFLOZIN,AMPUTATION,CANAGLIFLOZIN - AMPUTATION,2023Q3,8095,3.006,1799,Sustained
CANAGLIFLOZIN,AMPUTATION,CANAGLIFLOZIN - AMPUTATION,2023Q4,8096,3.040,1959,Sustained
CANAGLIFLOZIN,AMPUTATION,CANAGLIFLOZIN - AMPUTATION,2024Q1,8097,3.070,2127,Sustained
CANAGLIFLOZIN,AMPUTATION,CANAGLIFLOZIN - AMPUTATION,2024Q2,8098,3.092,2290,Sustained
CANAGLIFLOZIN,AMPUTATION,CANAGLIFLOZIN - AMPUTATION,2024Q3,8099,3.117,2464,Sustained
CANAGLIFLOZIN,AMPUTATION,CANAGLIFLOZIN - AMPUTATION,2024Q4,8100,3.146,2646,Sustained
CANAGLIFLOZIN,AMPUTATION,CANAGLIFLOZIN - AMPUTATION,2025Q1,8101,3.163,2816,Sustained
CANAGLIFLOZIN,DIABETIC KETOACIDOSIS,CANAGLIFLOZIN - DIABETIC KETOACIDOSIS,2019Q1,8077,0.728,35,Sustained
CANAGLIFLOZIN,DIABETIC KETOACIDOSIS,CANAGLIFLOZIN - DIABETIC KETOACIDOSIS,2019Q2,8078,1.138,82,Sustained
CANAGLIFLOZIN,DIABETIC KETOACIDOSIS,CANAGLIFLOZIN - DIABETIC KETOACIDOSIS,2019Q3,8079,1.617,158,Sustained
CANAGLIFLOZIN,DIABETIC KETOACIDOSIS,CANAGLIFLOZIN - DIABETIC KETOACIDOSIS,2019Q4,8080,1.893,259,Sustained
CANAGLIFLOZIN,DIABETIC KETOACIDOSIS,CANAGLIFLOZIN - DIABETIC KETOACIDOSIS,2020Q1,8081,2.028,364,Sustained
CANAGLIFLOZIN,DIABETIC KETOACIDOSIS,CANAGLIFLOZIN - DIABETIC KETOACIDOSIS,2020Q2,8082,2.149,473,Sustained
CANAGLIFLOZIN,DIABETIC KETOACIDOSIS,CANAGLIFLOZIN - DIABETIC KETOACIDOSIS,2020Q3,8083,2.285,619,Sustained
CANAGLIFLOZIN,DIABETIC KETOACIDOSIS,CANAGLIFLOZIN - DIABETIC KETOACIDOSIS,2020Q4,8084,2.423,802,Sustained
CANAGLIFLOZIN,DIABETIC KETOACIDOSIS,CANAGLIFLOZIN - DIABETIC KETOACIDOSIS,2021Q1,8085,2.510,980,Sustained
CANAGLIFLOZIN,DIABETIC KETOACIDOSIS,CANAGLIFLOZIN - DIABETIC KETOACIDOSIS,2021Q2,8086,2.594,1176,Sustained
CANAGLIFLOZIN,DIABETIC KETOACIDOSIS,CANAGLIFLOZIN - DIABETIC KETOACIDOSIS,2021Q3,8087,2.668,1395,Sustained
CANAGLIFLOZIN,DIABETIC KETOACIDOSIS,CANAGLIFLOZIN - DIABETIC KETOACIDOSIS,2021Q4,8088,2.739,1639,Sustained
CANAGLIFLOZIN,DIABETIC KETOACIDOSIS,CANAGLIFLOZIN - DIABETIC KETOACIDOSIS,2022Q1,8089,2.792,1875,Sustained
CANAGLIFLOZIN,DIABETIC KETOACIDOSIS,CANAGLIFLOZIN - DIABETIC KETOACIDOSIS,2022Q2,8090,2.857,2163,Sustained
CANAGLIFLOZIN,DIABETIC KETOACIDOSIS,CANAGLIFLOZIN - DIABETIC KETOACIDOSIS,2022Q3,8091,2.903,2415,Sustained
CANAGLIFLOZIN,DIABETIC KETOACIDOSIS,CANAGLIFLOZIN - DIABETIC KETOACIDOSIS,2022Q4,8092,2.941,2703,Sustained
CANAGLIFLOZIN,DIABETIC KETOACIDOSIS,CANAGLIFLOZIN - DIABETIC KETOACIDOSIS,2023Q1,8093,2.979,2965,Sustained
CANAGLIFLOZIN,DIABETIC KETOACIDOSIS,CANAGLIFLOZIN - DIABETIC KETOACIDOSIS,2023Q2,8094,3.010,3242,Sustained
CANAGLIFLOZIN,DIABETIC KETOACIDOSIS,CANAGLIFLOZIN - DIABETIC KETOACIDOSIS,2023Q3,8095,3.032,3481,Sustained
CANAGLIFLOZIN,DIABETIC KETOACIDOSIS,CANAGLIFLOZIN - DIABETIC KETOACIDOSIS,2023Q4,8096,3.043,3705,Sustained
CANAGLIFLOZIN,DIABETIC KETOACIDOSIS,CANAGLIFLOZIN - DIABETIC KETOACIDOSIS,2024Q1,8097,3.062,3949,Sustained
CANAGLIFLOZIN,DIABETIC KETOACIDOSIS,CANAGLIFLOZIN - DIABETIC KETOACIDOSIS,2024Q2,8098,3.078,4226,Sustained
CANAGLIFLOZIN,DIABETIC KETOACIDOSIS,CANAGLIFLOZIN - DIABETIC KETOACIDOSIS,2024Q3,8099,3.088,4475,Sustained
CANAGLIFLOZIN,DIABETIC KETOACIDOSIS,CANAGLIFLOZIN - DIABETIC KETOACIDOSIS,2024Q4,8100,3.106,4748,Sustained
CANAGLIFLOZIN,DIABETIC KETOACIDOSIS,CANAGLIFLOZIN - DIABETIC KETOACIDOSIS,2025Q1,8101,3.121,5017,Sustained
CIPROFLOXACIN,TENDON RUPTURE,CIPROFLOXACIN - TENDON RUPTURE,2019Q1,8077,0.709,31,Sustained
CIPROFLOXACIN,TENDON RUPTURE,CIPROFLOXACIN - TENDON RUPTURE,2019Q2,8078,1.074,75,Sustained
CIPROFLOXACIN,TENDON RUPTURE,CIPROFLOXACIN - TENDON RUPTURE,2019Q3,8079,1.492,151,Sustained
CIPROFLOXACIN,TENDON RUPTURE,CIPROFLOXACIN - TENDON RUPTURE,2019Q4,8080,1.624,240,Sustained
CIPROFLOXACIN,TENDON RUPTURE,CIPROFLOXACIN - TENDON RUPTURE,2020Q1,8081,1.778,353,Sustained
CIPROFLOXACIN,TENDON RUPTURE,CIPROFLOXACIN - TENDON RUPTURE,2020Q2,8082,1.889,488,Sustained
CIPROFLOXACIN,TENDON RUPTURE,CIPROFLOXACIN - TENDON RUPTURE,2020Q3,8083,1.942,641,Sustained
CIPROFLOXACIN,TENDON RUPTURE,CIPROFLOXACIN - TENDON RUPTURE,2020Q4,8084,1.977,787,Sustained
CIPROFLOXACIN,TENDON RUPTURE,CIPROFLOXACIN - TENDON RUPTURE,2021Q1,8085,2.033,976,Sustained
CIPROFLOXACIN,TENDON RUPTURE,CIPROFLOXACIN - TENDON RUPTURE,2021Q2,8086,2.070,1181,Sustained
CIPROFLOXACIN,TENDON RUPTURE,CIPROFLOXACIN - TENDON RUPTURE,2021Q3,8087,2.107,1389,Sustained
CIPROFLOXACIN,TENDON RUPTURE,CIPROFLOXACIN - TENDON RUPTURE,2021Q4,8088,2.142,1638,Sustained
CIPROFLOXACIN,TENDON RUPTURE,CIPROFLOXACIN - TENDON RUPTURE,2022Q1,8089,2.175,1905,Sustained
CIPROFLOXACIN,TENDON RUPTURE,CIPROFLOXACIN - TENDON RUPTURE,2022Q2,8090,2.199,2171,Sustained
CIPROFLOXACIN,TENDON RUPTURE,CIPROFLOXACIN - TENDON RUPTURE,2022Q3,8091,2.221,2443,Sustained
CIPROFLOXACIN,TENDON RUPTURE,CIPROFLOXACIN - TENDON RUPTURE,2022Q4,8092,2.240,2720,Sustained
CIPROFLOXACIN,TENDON RUPTURE,CIPROFLOXACIN - TENDON RUPTURE,2023Q1,8093,2.250,2985,Sustained
CIPROFLOXACIN,TENDON RUPTURE,CIPROFLOXACIN - TENDON RUPTURE,2023Q2,8094,2.272,3273,Sustained
CIPROFLOXACIN,TENDON RUPTURE,CIPROFLOXACIN - TENDON RUPTURE,2023Q3,8095,2.281,3530,Sustained
CIPROFLOXACIN,TENDON RUPTURE,CIPROFLOXACIN - TENDON RUPTURE,2023Q4,8096,2.295,3818,Sustained
CIPROFLOXACIN,TENDON RUPTURE,CIPROFLOXACIN - TENDON RUPTURE,2024Q1,8097,2.303,4091,Sustained
CIPROFLOXACIN,TENDON RUPTURE,CIPROFLOXACIN - TENDON RUPTURE,2024Q2,8098,2.306,4337,Sustained
CIPROFLOXACIN,TENDON RUPTURE,CIPROFLOXACIN - TENDON RUPTURE,2024Q3,8099,2.306,4609,Sustained
CIPROFLOXACIN,TENDON RUPTURE,CIPROFLOXACIN - TENDON RUPTURE,2024Q4,8100,2.315,4915,Sustained
CIPROFLOXACIN,TENDON RUPTURE,CIPROFLOXACIN - TENDON RUPTURE,2025Q1,8101,2.312,5162,Sustained
CLOZAPINE,AGRANULOCYTOSIS,CLOZAPINE - AGRANULOCYTOSIS,2019Q1,8077,1.474,36,Sustained
CLOZAPINE,AGRANULOCYTOSIS,CLOZAPINE - AGRANULOCYTOSIS,2019Q2,8078,1.877,86,Sustained
CLOZAPINE,AGRANULOCYTOSIS,CLOZAPINE - AGRANULOCYTOSIS,2019Q3,8079,2.142,151,Sustained
CLOZAPINE,AGRANULOCYTOSIS,CLOZAPINE - AGRANULOCYTOSIS,2019Q4,8080,2.319,223,Sustained
CLOZAPINE,AGRANULOCYTOSIS,CLOZAPINE - AGRANULOCYTOSIS,2020Q1,8081,2.571,346,Sustained
CLOZAPINE,AGRANULOCYTOSIS,CLOZAPINE - AGRANULOCYTOSIS,2020Q2,8082,2.696,454,Sustained
CLOZAPINE,AGRANULOCYTOSIS,CLOZAPINE - AGRANULOCYTOSIS,2020Q3,8083,2.831,586,Sustained
CLOZAPINE,AGRANULOCYTOSIS,CLOZAPINE - AGRANULOCYTOSIS,2020Q4,8084,2.944,766,Sustained
CLOZAPINE,AGRANULOCYTOSIS,CLOZAPINE - AGRANULOCYTOSIS,2021Q1,8085,3.041,940,Sustained
CLOZAPINE,AGRANULOCYTOSIS,CLOZAPINE - AGRANULOCYTOSIS,2021Q2,8086,3.120,1150,Sustained
CLOZAPINE,AGRANULOCYTOSIS,CLOZAPINE - AGRANULOCYTOSIS,2021Q3,8087,3.192,1383,Sustained
CLOZAPINE,AGRANULOCYTOSIS,CLOZAPINE - AGRANULOCYTOSIS,2021Q4,8088,3.233,1596,Sustained
CLOZAPINE,AGRANULOCYTOSIS,CLOZAPINE - AGRANULOCYTOSIS,2022Q1,8089,3.289,1873,Sustained
CLOZAPINE,AGRANULOCYTOSIS,CLOZAPINE - AGRANULOCYTOSIS,2022Q2,8090,3.341,2165,Sustained
CLOZAPINE,AGRANULOCYTOSIS,CLOZAPINE - AGRANULOCYTOSIS,2022Q3,8091,3.372,2442,Sustained
CLOZAPINE,AGRANULOCYTOSIS,CLOZAPINE - AGRANULOCYTOSIS,2022Q4,8092,3.401,2699,Sustained
CLOZAPINE,AGRANULOCYTOSIS,CLOZAPINE - AGRANULOCYTOSIS,2023Q1,8093,3.428,2972,Sustained
CLOZAPINE,AGRANULOCYTOSIS,CLOZAPINE - AGRANULOCYTOSIS,2023Q2,8094,3.448,3277,Sustained
CLOZAPINE,AGRANULOCYTOSIS,CLOZAPINE - AGRANULOCYTOSIS,2023Q3,8095,3.461,3538,Sustained
CLOZAPINE,AGRANULOCYTOSIS,CLOZAPINE - AGRANULOCYTOSIS,2023Q4,8096,3.475,3813,Sustained
CLOZAPINE,AGRANULOCYTOSIS,CLOZAPINE - AGRANULOCYTOSIS,2024Q1,8097,3.491,4078,Sustained
CLOZAPINE,AGRANULOCYTOSIS,CLOZAPINE - AGRANULOCYTOSIS,2024Q2,8098,3.502,4346,Sustained
CLOZAPINE,AGRANULOCYTOSIS,CLOZAPINE - AGRANULOCYTOSIS,2024Q3,8099,3.513,4622,Sustained
CLOZAPINE,AGRANULOCYTOSIS,CLOZAPINE - AGRANULOCYTOSIS,2024Q4,8100,3.522,4892,Sustained
CLOZAPINE,AGRANULOCYTOSIS,CLOZAPINE - AGRANULOCYTOSIS,2025Q1,8101,3.538,5182,Sustained
CLOZAPINE,MYOCARDITIS,CLOZAPINE - MYOCARDITIS,2019Q1,8077,-1.070,8,Sustained
CLOZAPINE,MYOCARDITIS,CLOZAPINE - MYOCARDITIS,2019Q2,8078,-0.456,18,Sustained
CLOZAPINE,MYOCARDITIS,CLOZAPINE - MYOCARDITIS,2019Q3,8079,-0.173,28,Sustained
CLOZAPINE,MYOCARDITIS,CLOZAPINE - MYOCARDITIS,2019Q4,8080,-0.100,37,Sustained
CLOZAPINE,MYOCARDITIS,CLOZAPINE - MYOCARDITIS,2020Q1,8081,0.269,57,Sustained
CLOZAPINE,MYOCARDITIS,CLOZAPINE - MYOCARDITIS,2020Q2,8082,0.729,90,Sustained
CLOZAPINE,MYOCARDITIS,CLOZAPINE - MYOCARDITIS,2020Q3,8083,1.230,143,Sustained
CLOZAPINE,MYOCARDITIS,CLOZAPINE - MYOCARDITIS,2020Q4,8084,1.527,202,Sustained
CLOZAPINE,MYOCARDITIS,CLOZAPINE - MYOCARDITIS,2021Q1,8085,1.784,275,Sustained
CLOZAPINE,MYOCARDITIS,CLOZAPINE - MYOCARDITIS,2021Q2,8086,2.016,367,Sustained
CLOZAPINE,MYOCARDITIS,CLOZAPINE - MYOCARDITIS,2021Q3,8087,2.156,459,Sustained
CLOZAPINE,MYOCARDITIS,CLOZAPINE - MYOCARDITIS,2021Q4,8088,2.342,587,Sustained
CLOZAPINE,MYOCARDITIS,CLOZAPINE - MYOCARDITIS,2022Q1,8089,2.483,718,Sustained
CLOZAPINE,MYOCARDITIS,CLOZAPINE - MYOCARDITIS,2022Q2,8090,2.595,855,Sustained
CLOZAPINE,MYOCARDITIS,CLOZAPINE - MYOCARDITIS,2022Q3,8091,2.712,1029,Sustained
CLOZAPINE,MYOCARDITIS,CLOZAPINE - MYOCARDITIS,2022Q4,8092,2.779,1175,Sustained
CLOZAPINE,MYOCARDITIS,CLOZAPINE - MYOCARDITIS,2023Q1,8093,2.859,1359,Sustained
CLOZAPINE,MYOCARDITIS,CLOZAPINE - MYOCARDITIS,2023Q2,8094,2.913,1527,Sustained
CLOZAPINE,MYOCARDITIS,CLOZAPINE - MYOCARDITIS,2023Q3,8095,2.941,1677,Sustained
CLOZAPINE,MYOCARDITIS,CLOZAPINE - MYOCARDITIS,2023Q4,8096,2.972,1835,Sustained
CLOZAPINE,MYOCARDITIS,CLOZAPINE - MYOCARDITIS,2024Q1,8097,3.000,1972,Sustained
CLOZAPINE,MYOCARDITIS,CLOZAPINE - MYOCARDITIS,2024Q2,8098,3.013,2118,Sustained
CLOZAPINE,MYOCARDITIS,CLOZAPINE - MYOCARDITIS,2024Q3,8099,3.042,2279,Sustained
CLOZAPINE,MYOCARDITIS,CLOZAPINE - MYOCARDITIS,2024Q4,8100,3.066,2453,Sustained
CLOZAPINE,MYOCARDITIS,CLOZAPINE - MYOCARDITIS,2025Q1,8101,3.087,2599,Sustained
DULOXETINE,HEPATITIS,DULOXETINE - HEPATITIS,2019Q1,8077,-1.284,11,Sustained
DULOXETINE,HEPATITIS,DULOXETINE - HEPATITIS,2019Q2,8078,-1.086,22,Sustained
DULOXETINE,HEPATITIS,DULOXETINE - HEPATITIS,2019Q3,8079,-0.955,35,Sustained
DULOXETINE,HEPATITIS,DULOXETINE - HEPATITIS,2019Q4,8080,-0.612,57,Sustained
DULOXETINE,HEPATITIS,DULOXETINE - HEPATITIS,2020Q1,8081,-0.661,67,Sustained
DULOXETINE,HEPATITIS,DULOXETINE - HEPATITIS,2020Q2,8082,-0.378,95,Sustained
DULOXETINE,HEPATITIS,DULOXETINE - HEPATITIS,2020Q3,8083,-0.147,128,Sustained
DULOXETINE,HEPATITIS,DULOXETINE - HEPATITIS,2020Q4,8084,-0.027,155,Sustained
DULOXETINE,HEPATITIS,DULOXETINE - HEPATITIS,2021Q1,8085,0.062,183,Sustained
DULOXETINE,HEPATITIS,DULOXETINE - HEPATITIS,2021Q2,8086,0.215,225,Sustained
DULOXETINE,HEPATITIS,DULOXETINE - HEPATITIS,2021Q3,8087,0.349,269,Sustained
DULOXETINE,HEPATITIS,DULOXETINE - HEPATITIS,2021Q4,8088,0.477,320,Sustained
DULOXETINE,HEPATITIS,DULOXETINE - HEPATITIS,2022Q1,8089,0.556,365,Sustained
DULOXETINE,HEPATITIS,DULOXETINE - HEPATITIS,2022Q2,8090,0.643,415,Sustained
DULOXETINE,HEPATITIS,DULOXETINE - HEPATITIS,2022Q3,8091,0.748,477,Sustained
DULOXETINE,HEPATITIS,DULOXETINE - HEPATITIS,2022Q4,8092,0.820,536,Sustained
DULOXETINE,HEPATITIS,DULOXETINE - HEPATITIS,2023Q1,8093,0.835,576,Sustained
DULOXETINE,HEPATITIS,DULOXETINE - HEPATITIS,2023Q2,8094,0.862,621,Sustained
DULOXETINE,HEPATITIS,DULOXETINE - HEPATITIS,2023Q3,8095,0.904,672,Sustained
DULOXETINE,HEPATITIS,DULOXETINE - HEPATITIS,2023Q4,8096,0.962,738,Sustained
DULOXETINE,HEPATITIS,DULOXETINE - HEPATITIS,2024Q1,8097,1.005,799,Sustained
DULOXETINE,HEPATITIS,DULOXETINE - HEPATITIS,2024Q2,8098,1.038,859,Sustained
DULOXETINE,HEPATITIS,DULOXETINE - HEPATITIS,2024Q3,8099,1.045,899,Sustained
DULOXETINE,HEPATITIS,DULOXETINE - HEPATITIS,2024Q4,8100,1.051,940,Sustained
DULOXETINE,HEPATITIS,DULOXETINE - HEPATITIS,2025Q1,8101,1.058,986,Sustained
FEBUXOSTAT,MYOCARDIAL INFARCTION,FEBUXOSTAT - MYOCARDIAL INFARCTION,2019Q1,8077,0.421,42,Sustained
FEBUXOSTAT,MYOCARDIAL INFARCTION,FEBUXOSTAT - MYOCARDIAL INFARCTION,2019Q2,8078,0.625,87,Sustained
FEBUXOSTAT,MYOCARDIAL INFARCTION,FEBUXOSTAT - MYOCARDIAL INFARCTION,2019Q3,8079,0.782,140,Sustained
FEBUXOSTAT,MYOCARDIAL INFARCTION,FEBUXOSTAT - MYOCARDIAL INFARCTION,2019Q4,8080,1.041,220,Sustained
FEBUXOSTAT,MYOCARDIAL INFARCTION,FEBUXOSTAT - MYOCARDIAL INFARCTION,2020Q1,8081,1.195,303,Sustained
FEBUXOSTAT,MYOCARDIAL INFARCTION,FEBUXOSTAT - MYOCARDIAL INFARCTION,2020Q2,8082,1.354,396,Sustained
FEBUXOSTAT,MYOCARDIAL INFARCTION,FEBUXOSTAT - MYOCARDIAL INFARCTION,2020Q3,8083,1.478,499,Sustained
FEBUXOSTAT,MYOCARDIAL INFARCTION,FEBUXOSTAT - MYOCARDIAL INFARCTION,2020Q4,8084,1.614,619,Sustained
FEBUXOSTAT,MYOCARDIAL INFARCTION,FEBUXOSTAT - MYOCARDIAL INFARCTION,2021Q1,8085,1.712,770,Sustained
FEBUXOSTAT,MYOCARDIAL INFARCTION,FEBUXOSTAT - MYOCARDIAL INFARCTION,2021Q2,8086,1.797,918,Sustained
FEBUXOSTAT,MYOCARDIAL INFARCTION,FEBUXOSTAT - MYOCARDIAL INFARCTION,2021Q3,8087,1.860,1066,Sustained
FEBUXOSTAT,MYOCARDIAL INFARCTION,FEBUXOSTAT - MYOCARDIAL INFARCTION,2021Q4,8088,1.942,1242,Sustained
FEBUXOSTAT,MYOCARDIAL INFARCTION,FEBUXOSTAT - MYOCARDIAL INFARCTION,2022Q1,8089,1.993,1408,Sustained
FEBUXOSTAT,MYOCARDIAL INFARCTION,FEBUXOSTAT - MYOCARDIAL INFARCTION,2022Q2,8090,2.045,1571,Sustained
FEBUXOSTAT,MYOCARDIAL INFARCTION,FEBUXOSTAT - MYOCARDIAL INFARCTION,2022Q3,8091,2.090,1744,Sustained
FEBUXOSTAT,MYOCARDIAL INFARCTION,FEBUXOSTAT - MYOCARDIAL INFARCTION,2022Q4,8092,2.133,1923,Sustained
FEBUXOSTAT,MYOCARDIAL INFARCTION,FEBUXOSTAT - MYOCARDIAL INFARCTION,2023Q1,8093,2.172,2120,Sustained
FEBUXOSTAT,MYOCARDIAL INFARCTION,FEBUXOSTAT - MYOCARDIAL INFARCTION,2023Q2,8094,2.214,2330,Sustained
FEBUXOSTAT,MYOCARDIAL INFARCTION,FEBUXOSTAT - MYOCARDIAL INFARCTION,2023Q3,8095,2.230,2504,Sustained
FEBUXOSTAT,MYOCARDIAL INFARCTION,FEBUXOSTAT - MYOCARDIAL INFARCTION,2023Q4,8096,2.251,2690,Sustained
FEBUXOSTAT,MYOCARDIAL INFARCTION,FEBUXOSTAT - MYOCARDIAL INFARCTION,2024Q1,8097,2.265,2860,Sustained
FEBUXOSTAT,MYOCARDIAL INFARCTION,FEBUXOSTAT - MYOCARDIAL INFARCTION,2024Q2,8098,2.286,3062,Sustained
FEBUXOSTAT,MYOCARDIAL INFARCTION,FEBUXOSTAT - MYOCARDIAL INFARCTION,2024Q3,8099,2.299,3232,Sustained
FEBUXOSTAT,MYOCARDIAL INFARCTION,FEBUXOSTAT - MYOCARDIAL INFARCTION,2024Q4,8100,2.307,3393,Sustained
FEBUXOSTAT,MYOCARDIAL INFARCTION,FEBUXOSTAT - MYOCARDIAL INFARCTION,2025Q1,8101,2.309,3550,Sustained
FUROSEMIDE,CLOSTRIDIUM DIFFICILE COLITIS,FUROSEMIDE - CLOSTRIDIUM DIFFICILE COLITIS,2019Q1,8077,0.195,21,Transient
FUROSEMIDE,CLOSTRIDIUM DIFFICILE COLITIS,FUROSEMIDE - CLOSTRIDIUM DIFFICILE COLITIS,2019Q2,8078,-0.062,30,Transient
FUROSEMIDE,CLOSTRIDIUM DIFFICILE COLITIS,FUROSEMIDE - CLOSTRIDIUM DIFFICILE COLITIS,2019Q3,8079,-0.387,36,Transient
FUROSEMIDE,CLOSTRIDIUM DIFFICILE COLITIS,FUROSEMIDE - CLOSTRIDIUM DIFFICILE COLITIS,2019Q4,8080,-0.435,47,Transient
FUROSEMIDE,CLOSTRIDIUM DIFFICILE COLITIS,FUROSEMIDE - CLOSTRIDIUM DIFFICILE COLITIS,2020Q1,8081,-0.423,61,Transient
FUROSEMIDE,CLOSTRIDIUM DIFFICILE COLITIS,FUROSEMIDE - CLOSTRIDIUM DIFFICILE COLITIS,2020Q2,8082,-0.501,71,Transient
FUROSEMIDE,CLOSTRIDIUM DIFFICILE COLITIS,FUROSEMIDE - CLOSTRIDIUM DIFFICILE COLITIS,2020Q3,8083,-0.464,89,Transient
FUROSEMIDE,CLOSTRIDIUM DIFFICILE COLITIS,FUROSEMIDE - CLOSTRIDIUM DIFFICILE COLITIS,2020Q4,8084,-0.522,100,Transient
FUROSEMIDE,CLOSTRIDIUM DIFFICILE COLITIS,FUROSEMIDE - CLOSTRIDIUM DIFFICILE COLITIS,2021Q1,8085,-0.427,123,Transient
FUROSEMIDE,CLOSTRIDIUM DIFFICILE COLITIS,FUROSEMIDE - CLOSTRIDIUM DIFFICILE COLITIS,2021Q2,8086,-0.321,152,Transient
FUROSEMIDE,CLOSTRIDIUM DIFFICILE COLITIS,FUROSEMIDE - CLOSTRIDIUM DIFFICILE COLITIS,2021Q3,8087,-0.281,180,Transient
FUROSEMIDE,CLOSTRIDIUM DIFFICILE COLITIS,FUROSEMIDE - CLOSTRIDIUM DIFFICILE COLITIS,2021Q4,8088,-0.246,207,Transient
FUROSEMIDE,CLOSTRIDIUM DIFFICILE COLITIS,FUROSEMIDE - CLOSTRIDIUM DIFFICILE COLITIS,2022Q1,8089,-0.320,220,Transient
FUROSEMIDE,CLOSTRIDIUM DIFFICILE COLITIS,FUROSEMIDE - CLOSTRIDIUM DIFFICILE COLITIS,2022Q2,8090,-0.252,259,Transient
FUROSEMIDE,CLOSTRIDIUM DIFFICILE COLITIS,FUROSEMIDE - CLOSTRIDIUM DIFFICILE COLITIS,2022Q3,8091,-0.223,293,Transient
FUROSEMIDE,CLOSTRIDIUM DIFFICILE COLITIS,FUROSEMIDE - CLOSTRIDIUM DIFFICILE COLITIS,2022Q4,8092,-0.167,334,Transient
FUROSEMIDE,CLOSTRIDIUM DIFFICILE COLITIS,FUROSEMIDE - CLOSTRIDIUM DIFFICILE COLITIS,2023Q1,8093,-0.145,368,Transient
FUROSEMIDE,CLOSTRIDIUM DIFFICILE COLITIS,FUROSEMIDE - CLOSTRIDIUM DIFFICILE COLITIS,2023Q2,8094,-0.149,394,Transient
FUROSEMIDE,CLOSTRIDIUM DIFFICILE COLITIS,FUROSEMIDE - CLOSTRIDIUM DIFFICILE COLITIS,2023Q3,8095,-0.154,422,Transient
FUROSEMIDE,CLOSTRIDIUM DIFFICILE COLITIS,FUROSEMIDE - CLOSTRIDIUM DIFFICILE COLITIS,2023Q4,8096,-0.149,448,Transient
FUROSEMIDE,CLOSTRIDIUM DIFFICILE COLITIS,FUROSEMIDE - CLOSTRIDIUM DIFFICILE COLITIS,2024Q1,8097,-0.149,475,Transient
FUROSEMIDE,CLOSTRIDIUM DIFFICILE COLITIS,FUROSEMIDE - CLOSTRIDIUM DIFFICILE COLITIS,2024Q2,8098,-0.144,503,Transient
FUROSEMIDE,CLOSTRIDIUM DIFFICILE COLITIS,FUROSEMIDE - CLOSTRIDIUM DIFFICILE COLITIS,2024Q3,8099,-0.138,533,Transient
FUROSEMIDE,CLOSTRIDIUM DIFFICILE COLITIS,FUROSEMIDE - CLOSTRIDIUM DIFFICILE COLITIS,2024Q4,8100,-0.123,566,Transient
FUROSEMIDE,CLOSTRIDIUM DIFFICILE COLITIS,FUROSEMIDE - CLOSTRIDIUM DIFFICILE COLITIS,2025Q1,8101,-0.126,592,Transient
HYDROXYCHLOROQUINE,ELECTROCARDIOGRAM QT PROLONGED,HYDROXYCHLOROQUINE - ELECTROCARDIOGRAM QT PROLONGED,2019Q1,8077,-1.518,10,Sustained
HYDROXYCHLOROQUINE,ELECTROCARDIOGRAM QT PROLONGED,HYDROXYCHLOROQUINE - ELECTROCARDIOGRAM QT PROLONGED,2019Q2,8078,-0.771,26,Sustained
HYDROXYCHLOROQUINE,ELECTROCARDIOGRAM QT PROLONGED,HYDROXYCHLOROQUINE - ELECTROCARDIOGRAM QT PROLONGED,2019Q3,8079,-0.461,43,Sustained
HYDROXYCHLOROQUINE,ELECTROCARDIOGRAM QT PROLONGED,HYDROXYCHLOROQUINE - ELECTROCARDIOGRAM QT PROLONGED,2019Q4,8080,-0.517,52,Sustained
HYDROXYCHLOROQUINE,ELECTROCARDIOGRAM QT PROLONGED,HYDROXYCHLOROQUINE - ELECTROCARDIOGRAM QT PROLONGED,2020Q1,8081,-0.416,68,Sustained
HYDROXYCHLOROQUINE,ELECTROCARDIOGRAM QT PROLONGED,HYDROXYCHLOROQUINE - ELECTROCARDIOGRAM QT PROLONGED,2020Q2,8082,0.122,115,Sustained
HYDROXYCHLOROQUINE,ELECTROCARDIOGRAM QT PROLONGED,HYDROXYCHLOROQUINE - ELECTROCARDIOGRAM QT PROLONGED,2020Q3,8083,0.394,162,Sustained
HYDROXYCHLOROQUINE,ELECTROCARDIOGRAM QT PROLONGED,HYDROXYCHLOROQUINE - ELECTROCARDIOGRAM QT PROLONGED,2020Q4,8084,0.832,258,Sustained
HYDROXYCHLOROQUINE,ELECTROCARDIOGRAM QT PROLONGED,HYDROXYCHLOROQUINE - ELECTROCARDIOGRAM QT PROLONGED,2021Q1,8085,1.087,361,Sustained
HYDROXYCHLOROQUINE,ELECTROCARDIOGRAM QT PROLONGED,HYDROXYCHLOROQUINE - ELECTROCARDIOGRAM QT PROLONGED,2021Q2,8086,1.234,467,Sustained
HYDROXYCHLOROQUINE,ELECTROCARDIOGRAM QT PROLONGED,HYDROXYCHLOROQUINE - ELECTROCARDIOGRAM QT PROLONGED,2021Q3,8087,1.373,599,Sustained
HYDROXYCHLOROQUINE,ELECTROCARDIOGRAM QT PROLONGED,HYDROXYCHLOROQUINE - ELECTROCARDIOGRAM QT PROLONGED,2021Q4,8088,1.526,751,Sustained
HYDROXYCHLOROQUINE,ELECTROCARDIOGRAM QT PROLONGED,HYDROXYCHLOROQUINE - ELECTROCARDIOGRAM QT PROLONGED,2022Q1,8089,1.679,945,Sustained
HYDROXYCHLOROQUINE,ELECTROCARDIOGRAM QT PROLONGED,HYDROXYCHLOROQUINE - ELECTROCARDIOGRAM QT PROLONGED,2022Q2,8090,1.780,1137,Sustained
HYDROXYCHLOROQUINE,ELECTROCARDIOGRAM QT PROLONGED,HYDROXYCHLOROQUINE - ELECTROCARDIOGRAM QT PROLONGED,2022Q3,8091,1.867,1350,Sustained
HYDROXYCHLOROQUINE,ELECTROCARDIOGRAM QT PROLONGED,HYDROXYCHLOROQUINE - ELECTROCARDIOGRAM QT PROLONGED,2022Q4,8092,1.940,1581,Sustained
HYDROXYCHLOROQUINE,ELECTROCARDIOGRAM QT PROLONGED,HYDROXYCHLOROQUINE - ELECTROCARDIOGRAM QT PROLONGED,2023Q1,8093,2.002,1824,Sustained
HYDROXYCHLOROQUINE,ELECTROCARDIOGRAM QT PROLONGED,HYDROXYCHLOROQUINE - ELECTROCARDIOGRAM QT PROLONGED,2023Q2,8094,2.046,2059,Sustained
HYDROXYCHLOROQUINE,ELECTROCARDIOGRAM QT PROLONGED,HYDROXYCHLOROQUINE - ELECTROCARDIOGRAM QT PROLONGED,2023Q3,8095,2.082,2293,Sustained
HYDROXYCHLOROQUINE,ELECTROCARDIOGRAM QT PROLONGED,HYDROXYCHLOROQUINE - ELECTROCARDIOGRAM QT PROLONGED,2023Q4,8096,2.114,2525,Sustained
HYDROXYCHLOROQUINE,ELECTROCARDIOGRAM QT PROLONGED,HYDROXYCHLOROQUINE - ELECTROCARDIOGRAM QT PROLONGED,2024Q1,8097,2.147,2758,Sustained
HYDROXYCHLOROQUINE,ELECTROCARDIOGRAM QT PROLONGED,HYDROXYCHLOROQUINE - ELECTROCARDIOGRAM QT PROLONGED,2024Q2,8098,2.174,2996,Sustained
HYDROXYCHLOROQUINE,ELECTROCARDIOGRAM QT PROLONGED,HYDROXYCHLOROQUINE - ELECTROCARDIOGRAM QT PROLONGED,2024Q3,8099,2.189,3219,Sustained
HYDROXYCHLOROQUINE,ELECTROCARDIOGRAM QT PROLONGED,HYDROXYCHLOROQUINE - ELECTROCARDIOGRAM QT PROLONGED,2024Q4,8100,2.205,3444,Sustained
HYDROXYCHLOROQUINE,ELECTROCARDIOGRAM QT PROLONGED,HYDROXYCHLOROQUINE - ELECTROCARDIOGRAM QT PROLONGED,2025Q1,8101,2.222,3689,Sustained
ISOTRETINOIN,DEPRESSION,ISOTRETINOIN - DEPRESSION,2019Q1,8077,-0.196,40,Sustained
ISOTRETINOIN,DEPRESSION,ISOTRETINOIN - DEPRESSION,2019Q2,8078,0.239,94,Sustained
ISOTRETINOIN,DEPRESSION,ISOTRETINOIN - DEPRESSION,2019Q3,8079,0.345,146,Sustained
ISOTRETINOIN,DEPRESSION,ISOTRETINOIN - DEPRESSION,2019Q4,8080,0.614,232,Sustained
ISOTRETINOIN,DEPRESSION,ISOTRETINOIN - DEPRESSION,2020Q1,8081,0.691,307,Sustained
ISOTRETINOIN,DEPRESSION,ISOTRETINOIN - DEPRESSION,2020Q2,8082,0.833,405,Sustained
ISOTRETINOIN,DEPRESSION,ISOTRETINOIN - DEPRESSION,2020Q3,8083,0.923,508,Sustained
ISOTRETINOIN,DEPRESSION,ISOTRETINOIN - DEPRESSION,2020Q4,8084,1.014,629,Sustained
ISOTRETINOIN,DEPRESSION,ISOTRETINOIN - DEPRESSION,2021Q1,8085,1.096,752,Sustained
ISOTRETINOIN,DEPRESSION,ISOTRETINOIN - DEPRESSION,2021Q2,8086,1.200,907,Sustained
ISOTRETINOIN,DEPRESSION,ISOTRETINOIN - DEPRESSION,2021Q3,8087,1.268,1055,Sustained
ISOTRETINOIN,DEPRESSION,ISOTRETINOIN - DEPRESSION,2021Q4,8088,1.313,1197,Sustained
ISOTRETINOIN,DEPRESSION,ISOTRETINOIN - DEPRESSION,2022Q1,8089,1.385,1385,Sustained
ISOTRETINOIN,DEPRESSION,ISOTRETINOIN - DEPRESSION,2022Q2,8090,1.421,1552,Sustained
ISOTRETINOIN,DEPRESSION,ISOTRETINOIN - DEPRESSION,2022Q3,8091,1.453,1716,Sustained
ISOTRETINOIN,DEPRESSION,ISOTRETINOIN - DEPRESSION,2022Q4,8092,1.477,1888,Sustained
ISOTRETINOIN,DEPRESSION,ISOTRETINOIN - DEPRESSION,2023Q1,8093,1.510,2088,Sustained
ISOTRETINOIN,DEPRESSION,ISOTRETINOIN - DEPRESSION,2023Q2,8094,1.524,2256,Sustained
ISOTRETINOIN,DEPRESSION,ISOTRETINOIN - DEPRESSION,2023Q3,8095,1.535,2406,Sustained
ISOTRETINOIN,DEPRESSION,ISOTRETINOIN - DEPRESSION,2023Q4,8096,1.555,2589,Sustained
ISOTRETINOIN,DEPRESSION,ISOTRETINOIN - DEPRESSION,2024Q1,8097,1.577,2781,Sustained
ISOTRETINOIN,DEPRESSION,ISOTRETINOIN - DEPRESSION,2024Q2,8098,1.592,2955,Sustained
ISOTRETINOIN,DEPRESSION,ISOTRETINOIN - DEPRESSION,2024Q3,8099,1.595,3115,Sustained
ISOTRETINOIN,DEPRESSION,ISOTRETINOIN - DEPRESSION,2024Q4,8100,1.609,3300,Sustained
ISOTRETINOIN,DEPRESSION,ISOTRETINOIN - DEPRESSION,2025Q1,8101,1.617,3471,Sustained
LEVOFLOXACIN,AORTIC ANEURYSM,LEVOFLOXACIN - AORTIC ANEURYSM,2019Q1,8077,-1.272,9,Sustained
LEVOFLOXACIN,AORTIC ANEURYSM,LEVOFLOXACIN - AORTIC ANEURYSM,2019Q2,8078,-0.851,18,Sustained
LEVOFLOXACIN,AORTIC ANEURYSM,LEVOFLOXACIN - AORTIC ANEURYSM,2019Q3,8079,-0.811,26,Sustained
LEVOFLOXACIN,AORTIC ANEURYSM,LEVOFLOXACIN - AORTIC ANEURYSM,2019Q4,8080,-0.608,37,Sustained
LEVOFLOXACIN,AORTIC ANEURYSM,LEVOFLOXACIN - AORTIC ANEURYSM,2020Q1,8081,-0.012,65,Sustained
LEVOFLOXACIN,AORTIC ANEURYSM,LEVOFLOXACIN - AORTIC ANEURYSM,2020Q2,8082,0.459,104,Sustained
LEVOFLOXACIN,AORTIC ANEURYSM,LEVOFLOXACIN - AORTIC ANEURYSM,2020Q3,8083,1.008,176,Sustained
LEVOFLOXACIN,AORTIC ANEURYSM,LEVOFLOXACIN - AORTIC ANEURYSM,2020Q4,8084,1.441,273,Sustained
LEVOFLOXACIN,AORTIC ANEURYSM,LEVOFLOXACIN - AORTIC ANEURYSM,2021Q1,8085,1.691,378,Sustained
LEVOFLOXACIN,AORTIC ANEURYSM,LEVOFLOXACIN - AORTIC ANEURYSM,2021Q2,8086,1.920,512,Sustained
LEVOFLOXACIN,AORTIC ANEURYSM,LEVOFLOXACIN - AORTIC ANEURYSM,2021Q3,8087,2.060,642,Sustained
LEVOFLOXACIN,AORTIC ANEURYSM,LEVOFLOXACIN - AORTIC ANEURYSM,2021Q4,8088,2.202,806,Sustained
LEVOFLOXACIN,AORTIC ANEURYSM,LEVOFLOXACIN - AORTIC ANEURYSM,2022Q1,8089,2.305,973,Sustained
LEVOFLOXACIN,AORTIC ANEURYSM,LEVOFLOXACIN - AORTIC ANEURYSM,2022Q2,8090,2.384,1140,Sustained
LEVOFLOXACIN,AORTIC ANEURYSM,LEVOFLOXACIN - AORTIC ANEURYSM,2022Q3,8091,2.457,1320,Sustained
LEVOFLOXACIN,AORTIC ANEURYSM,LEVOFLOXACIN - AORTIC ANEURYSM,2022Q4,8092,2.528,1524,Sustained
LEVOFLOXACIN,AORTIC ANEURYSM,LEVOFLOXACIN - AORTIC ANEURYSM,2023Q1,8093,2.579,1712,Sustained
LEVOFLOXACIN,AORTIC ANEURYSM,LEVOFLOXACIN - AORTIC ANEURYSM,2023Q2,8094,2.630,1895,Sustained
LEVOFLOXACIN,AORTIC ANEURYSM,LEVOFLOXACIN - AORTIC ANEURYSM,2023Q3,8095,2.671,2103,Sustained
LEVOFLOXACIN,AORTIC ANEURYSM,LEVOFLOXACIN - AORTIC ANEURYSM,2023Q4,8096,2.698,2289,Sustained
LEVOFLOXACIN,AORTIC ANEURYSM,LEVOFLOXACIN - AORTIC ANEURYSM,2024Q1,8097,2.726,2485,Sustained
LEVOFLOXACIN,AORTIC ANEURYSM,LEVOFLOXACIN - AORTIC ANEURYSM,2024Q2,8098,2.752,2705,Sustained
LEVOFLOXACIN,AORTIC ANEURYSM,LEVOFLOXACIN - AORTIC ANEURYSM,2024Q3,8099,2.771,2910,Sustained
LEVOFLOXACIN,AORTIC ANEURYSM,LEVOFLOXACIN - AORTIC ANEURYSM,2024Q4,8100,2.787,3092,Sustained
LEVOFLOXACIN,AORTIC ANEURYSM,LEVOFLOXACIN - AORTIC ANEURYSM,2025Q1,8101,2.806,3310,Sustained
LEVOFLOXACIN,TENDON RUPTURE,LEVOFLOXACIN - TENDON RUPTURE,2019Q1,8077,0.873,36,Sustained
LEVOFLOXACIN,TENDON RUPTURE,LEVOFLOXACIN - TENDON RUPTURE,2019Q2,8078,1.332,91,Sustained
LEVOFLOXACIN,TENDON RUPTURE,LEVOFLOXACIN - TENDON RUPTURE,2019Q3,8079,1.594,166,Sustained
LEVOFLOXACIN,TENDON RUPTURE,LEVOFLOXACIN - TENDON RUPTURE,2019Q4,8080,1.759,266,Sustained
LEVOFLOXACIN,TENDON RUPTURE,LEVOFLOXACIN - TENDON RUPTURE,2020Q1,8081,1.952,397,Sustained
LEVOFLOXACIN,TENDON RUPTURE,LEVOFLOXACIN - TENDON RUPTURE,2020Q2,8082,2.071,551,Sustained
LEVOFLOXACIN,TENDON RUPTURE,LEVOFLOXACIN - TENDON RUPTURE,2020Q3,8083,2.188,752,Sustained
LEVOFLOXACIN,TENDON RUPTURE,LEVOFLOXACIN - TENDON RUPTURE,2020Q4,8084,2.285,968,Sustained
LEVOFLOXACIN,TENDON RUPTURE,LEVOFLOXACIN - TENDON RUPTURE,2021Q1,8085,2.365,1223,Sustained
LEVOFLOXACIN,TENDON RUPTURE,LEVOFLOXACIN - TENDON RUPTURE,2021Q2,8086,2.420,1502,Sustained
LEVOFLOXACIN,TENDON RUPTURE,LEVOFLOXACIN - TENDON RUPTURE,2021Q3,8087,2.452,1758,Sustained
LEVOFLOXACIN,TENDON RUPTURE,LEVOFLOXACIN - TENDON RUPTURE,2021Q4,8088,2.492,2083,Sustained
LEVOFLOXACIN,TENDON RUPTURE,LEVOFLOXACIN - TENDON RUPTURE,2022Q1,8089,2.520,2422,Sustained
LEVOFLOXACIN,TENDON RUPTURE,LEVOFLOXACIN - TENDON RUPTURE,2022Q2,8090,2.549,2764,Sustained
LEVOFLOXACIN,TENDON RUPTURE,LEVOFLOXACIN - TENDON RUPTURE,2022Q3,8091,2.575,3122,Sustained
LEVOFLOXACIN,TENDON RUPTURE,LEVOFLOXACIN - TENDON RUPTURE,2022Q4,8092,2.586,3460,Sustained
LEVOFLOXACIN,TENDON RUPTURE,LEVOFLOXACIN - TENDON RUPTURE,2023Q1,8093,2.599,3801,Sustained
LEVOFLOXACIN,TENDON RUPTURE,LEVOFLOXACIN - TENDON RUPTURE,2023Q2,8094,2.611,4106,Sustained
LEVOFLOXACIN,TENDON RUPTURE,LEVOFLOXACIN - TENDON RUPTURE,2023Q3,8095,2.626,4465,Sustained
LEVOFLOXACIN,TENDON RUPTURE,LEVOFLOXACIN - TENDON RUPTURE,2023Q4,8096,2.632,4802,Sustained
LEVOFLOXACIN,TENDON RUPTURE,LEVOFLOXACIN - TENDON RUPTURE,2024Q1,8097,2.642,5134,Sustained
LEVOFLOXACIN,TENDON RUPTURE,LEVOFLOXACIN - TENDON RUPTURE,2024Q2,8098,2.651,5481,Sustained
LEVOFLOXACIN,TENDON RUPTURE,LEVOFLOXACIN - TENDON RUPTURE,2024Q3,8099,2.659,5853,Sustained
LEVOFLOXACIN,TENDON RUPTURE,LEVOFLOXACIN - TENDON RUPTURE,2024Q4,8100,2.662,6200,Sustained
LEVOFLOXACIN,TENDON RUPTURE,LEVOFLOXACIN - TENDON RUPTURE,2025Q1,8101,2.667,6563,Sustained
LEVOTHYROXINE,ATRIAL FIBRILLATION,LEVOTHYROXINE - ATRIAL FIBRILLATION,2019Q1,8077,-0.472,43,Sustained
LEVOTHYROXINE,ATRIAL FIBRILLATION,LEVOTHYROXINE - ATRIAL FIBRILLATION,2019Q2,8078,-0.197,95,Sustained
LEVOTHYROXINE,ATRIAL FIBRILLATION,LEVOTHYROXINE - ATRIAL FIBRILLATION,2019Q3,8079,-0.063,152,Sustained
LEVOTHYROXINE,ATRIAL FIBRILLATION,LEVOTHYROXINE - ATRIAL FIBRILLATION,2019Q4,8080,0.174,235,Sustained
LEVOTHYROXINE,ATRIAL FIBRILLATION,LEVOTHYROXINE - ATRIAL FIBRILLATION,2020Q1,8081,0.374,337,Sustained
LEVOTHYROXINE,ATRIAL FIBRILLATION,LEVOTHYROXINE - ATRIAL FIBRILLATION,2020Q2,8082,0.461,428,Sustained
LEVOTHYROXINE,ATRIAL FIBRILLATION,LEVOTHYROXINE - ATRIAL FIBRILLATION,2020Q3,8083,0.566,544,Sustained
LEVOTHYROXINE,ATRIAL FIBRILLATION,LEVOTHYROXINE - ATRIAL FIBRILLATION,2020Q4,8084,0.641,644,Sustained
LEVOTHYROXINE,ATRIAL FIBRILLATION,LEVOTHYROXINE - ATRIAL FIBRILLATION,2021Q1,8085,0.745,782,Sustained
LEVOTHYROXINE,ATRIAL FIBRILLATION,LEVOTHYROXINE - ATRIAL FIBRILLATION,2021Q2,8086,0.829,926,Sustained
LEVOTHYROXINE,ATRIAL FIBRILLATION,LEVOTHYROXINE - ATRIAL FIBRILLATION,2021Q3,8087,0.920,1093,Sustained
LEVOTHYROXINE,ATRIAL FIBRILLATION,LEVOTHYROXINE - ATRIAL FIBRILLATION,2021Q4,8088,0.997,1266,Sustained
LEVOTHYROXINE,ATRIAL FIBRILLATION,LEVOTHYROXINE - ATRIAL FIBRILLATION,2022Q1,8089,1.045,1434,Sustained
LEVOTHYROXINE,ATRIAL FIBRILLATION,LEVOTHYROXINE - ATRIAL FIBRILLATION,2022Q2,8090,1.109,1629,Sustained
LEVOTHYROXINE,ATRIAL FIBRILLATION,LEVOTHYROXINE - ATRIAL FIBRILLATION,2022Q3,8091,1.178,1847,Sustained
LEVOTHYROXINE,ATRIAL FIBRILLATION,LEVOTHYROXINE - ATRIAL FIBRILLATION,2022Q4,8092,1.214,2032,Sustained
LEVOTHYROXINE,ATRIAL FIBRILLATION,LEVOTHYROXINE - ATRIAL FIBRILLATION,2023Q1,8093,1.245,2210,Sustained
LEVOTHYROXINE,ATRIAL FIBRILLATION,LEVOTHYROXINE - ATRIAL FIBRILLATION,2023Q2,8094,1.269,2381,Sustained
LEVOTHYROXINE,ATRIAL FIBRILLATION,LEVOTHYROXINE - ATRIAL FIBRILLATION,2023Q3,8095,1.292,2565,Sustained
LEVOTHYROXINE,ATRIAL FIBRILLATION,LEVOTHYROXINE - ATRIAL FIBRILLATION,2023Q4,8096,1.316,2758,Sustained
LEVOTHYROXINE,ATRIAL FIBRILLATION,LEVOTHYROXINE - ATRIAL FIBRILLATION,2024Q1,8097,1.327,2931,Sustained
LEVOTHYROXINE,ATRIAL FIBRILLATION,LEVOTHYROXINE - ATRIAL FIBRILLATION,2024Q2,8098,1.343,3107,Sustained
LEVOTHYROXINE,ATRIAL FIBRILLATION,LEVOTHYROXINE - ATRIAL FIBRILLATION,2024Q3,8099,1.361,3294,Sustained
LEVOTHYROXINE,ATRIAL FIBRILLATION,LEVOTHYROXINE - ATRIAL FIBRILLATION,2024Q4,8100,1.373,3478,Sustained
LEVOTHYROXINE,ATRIAL FIBRILLATION,LEVOTHYROXINE - ATRIAL FIBRILLATION,2025Q1,8101,1.387,3682,Sustained
METFORMIN,LACTIC ACIDOSIS,METFORMIN - LACTIC ACIDOSIS,2019Q1,8077,0.492,29,Sustained
METFORMIN,LACTIC ACIDOSIS,METFORMIN - LACTIC ACIDOSIS,2019Q2,8078,1.024,75,Sustained
METFORMIN,LACTIC ACIDOSIS,METFORMIN - LACTIC ACIDOSIS,2019Q3,8079,1.337,141,Sustained
METFORMIN,LACTIC ACIDOSIS,METFORMIN - LACTIC ACIDOSIS,2019Q4,8080,1.526,224,Sustained
METFORMIN,LACTIC ACIDOSIS,METFORMIN - LACTIC ACIDOSIS,2020Q1,8081,1.755,345,Sustained
METFORMIN,LACTIC ACIDOSIS,METFORMIN - LACTIC ACIDOSIS,2020Q2,8082,1.929,484,Sustained
METFORMIN,LACTIC ACIDOSIS,METFORMIN - LACTIC ACIDOSIS,2020Q3,8083,2.052,658,Sustained
METFORMIN,LACTIC ACIDOSIS,METFORMIN - LACTIC ACIDOSIS,2020Q4,8084,2.157,854,Sustained
METFORMIN,LACTIC ACIDOSIS,METFORMIN - LACTIC ACIDOSIS,2021Q1,8085,2.252,1055,Sustained
METFORMIN,LACTIC ACIDOSIS,METFORMIN - LACTIC ACIDOSIS,2021Q2,8086,2.358,1339,Sustained
METFORMIN,LACTIC ACIDOSIS,METFORMIN - LACTIC ACIDOSIS,2021Q3,8087,2.415,1609,Sustained
METFORMIN,LACTIC ACIDOSIS,METFORMIN - LACTIC ACIDOSIS,2021Q4,8088,2.463,1909,Sustained
METFORMIN,LACTIC ACIDOSIS,METFORMIN - LACTIC ACIDOSIS,2022Q1,8089,2.510,2237,Sustained
METFORMIN,LACTIC ACIDOSIS,METFORMIN - LACTIC ACIDOSIS,2022Q2,8090,2.539,2523,Sustained
METFORMIN,LACTIC ACIDOSIS,METFORMIN - LACTIC ACIDOSIS,2022Q3,8091,2.563,2835,Sustained
METFORMIN,LACTIC ACIDOSIS,METFORMIN - LACTIC ACIDOSIS,2022Q4,8092,2.582,3155,Sustained
METFORMIN,LACTIC ACIDOSIS,METFORMIN - LACTIC ACIDOSIS,2023Q1,8093,2.600,3480,Sustained
METFORMIN,LACTIC ACIDOSIS,METFORMIN - LACTIC ACIDOSIS,2023Q2,8094,2.616,3801,Sustained
METFORMIN,LACTIC ACIDOSIS,METFORMIN - LACTIC ACIDOSIS,2023Q3,8095,2.628,4125,Sustained
METFORMIN,LACTIC ACIDOSIS,METFORMIN - LACTIC ACIDOSIS,2023Q4,8096,2.646,4449,Sustained
METFORMIN,LACTIC ACIDOSIS,METFORMIN - LACTIC ACIDOSIS,2024Q1,8097,2.657,4791,Sustained
METFORMIN,LACTIC ACIDOSIS,METFORMIN - LACTIC ACIDOSIS,2024Q2,8098,2.666,5122,Sustained
METFORMIN,LACTIC ACIDOSIS,METFORMIN - LACTIC ACIDOSIS,2024Q3,8099,2.673,5427,Sustained
METFORMIN,LACTIC ACIDOSIS,METFORMIN - LACTIC ACIDOSIS,2024Q4,8100,2.678,5750,Sustained
METFORMIN,LACTIC ACIDOSIS,METFORMIN - LACTIC ACIDOSIS,2025Q1,8101,2.685,6086,Sustained
METHOTREXATE,PANCYTOPENIA,METHOTREXATE - PANCYTOPENIA,2019Q1,8077,0.640,37,Sustained
METHOTREXATE,PANCYTOPENIA,METHOTREXATE - PANCYTOPENIA,2019Q2,8078,0.963,90,Sustained
METHOTREXATE,PANCYTOPENIA,METHOTREXATE - PANCYTOPENIA,2019Q3,8079,1.119,142,Sustained
METHOTREXATE,PANCYTOPENIA,METHOTREXATE - PANCYTOPENIA,2019Q4,8080,1.426,236,Sustained
METHOTREXATE,PANCYTOPENIA,METHOTREXATE - PANCYTOPENIA,2020Q1,8081,1.600,337,Sustained
METHOTREXATE,PANCYTOPENIA,METHOTREXATE - PANCYTOPENIA,2020Q2,8082,1.756,451,Sustained
METHOTREXATE,PANCYTOPENIA,METHOTREXATE - PANCYTOPENIA,2020Q3,8083,1.943,609,Sustained
METHOTREXATE,PANCYTOPENIA,METHOTREXATE - PANCYTOPENIA,2020Q4,8084,2.046,762,Sustained
METHOTREXATE,PANCYTOPENIA,METHOTREXATE - PANCYTOPENIA,2021Q1,8085,2.198,971,Sustained
METHOTREXATE,PANCYTOPENIA,METHOTREXATE - PANCYTOPENIA,2021Q2,8086,2.303,1179,Sustained
METHOTREXATE,PANCYTOPENIA,METHOTREXATE - PANCYTOPENIA,2021Q3,8087,2.384,1394,Sustained
METHOTREXATE,PANCYTOPENIA,METHOTREXATE - PANCYTOPENIA,2021Q4,8088,2.453,1616,Sustained
METHOTREXATE,PANCYTOPENIA,METHOTREXATE - PANCYTOPENIA,2022Q1,8089,2.513,1862,Sustained
METHOTREXATE,PANCYTOPENIA,METHOTREXATE - PANCYTOPENIA,2022Q2,8090,2.568,2121,Sustained
METHOTREXATE,PANCYTOPENIA,METHOTREXATE - PANCYTOPENIA,2022Q3,8091,2.607,2379,Sustained
METHOTREXATE,PANCYTOPENIA,METHOTREXATE - PANCYTOPENIA,2022Q4,8092,2.647,2662,Sustained
METHOTREXATE,PANCYTOPENIA,METHOTREXATE - PANCYTOPENIA,2023Q1,8093,2.678,2930,Sustained
METHOTREXATE,PANCYTOPENIA,METHOTREXATE - PANCYTOPENIA,2023Q2,8094,2.701,3200,Sustained
METHOTREXATE,PANCYTOPENIA,METHOTREXATE - PANCYTOPENIA,2023Q3,8095,2.721,3459,Sustained
METHOTREXATE,PANCYTOPENIA,METHOTREXATE - PANCYTOPENIA,2023Q4,8096,2.744,3751,Sustained
METHOTREXATE,PANCYTOPENIA,METHOTREXATE - PANCYTOPENIA,2024Q1,8097,2.757,3982,Sustained
METHOTREXATE,PANCYTOPENIA,METHOTREXATE - PANCYTOPENIA,2024Q2,8098,2.771,4237,Sustained
METHOTREXATE,PANCYTOPENIA,METHOTREXATE - PANCYTOPENIA,2024Q3,8099,2.786,4498,Sustained
METHOTREXATE,PANCYTOPENIA,METHOTREXATE - PANCYTOPENIA,2024Q4,8100,2.798,4746,Sustained
METHOTREXATE,PANCYTOPENIA,METHOTREXATE - PANCYTOPENIA,2025Q1,8101,2.810,5010,Sustained
MONTELUKAST,DEPRESSION,MONTELUKAST - DEPRESSION,2019Q1,8077,0.022,93,Sustained
MONTELUKAST,DEPRESSION,MONTELUKAST - DEPRESSION,2019Q2,8078,0.039,174,Sustained
MONTELUKAST,DEPRESSION,MONTELUKAST - DEPRESSION,2019Q3,8079,0.116,268,Sustained
MONTELUKAST,DEPRESSION,MONTELUKAST - DEPRESSION,2019Q4,8080,0.227,385,Sustained
MONTELUKAST,DEPRESSION,MONTELUKAST - DEPRESSION,2020Q1,8081,0.418,554,Sustained
MONTELUKAST,DEPRESSION,MONTELUKAST - DEPRESSION,2020Q2,8082,0.539,731,Sustained
MONTELUKAST,DEPRESSION,MONTELUKAST - DEPRESSION,2020Q3,8083,0.619,910,Sustained
MONTELUKAST,DEPRESSION,MONTELUKAST - DEPRESSION,2020Q4,8084,0.740,1136,Sustained
MONTELUKAST,DEPRESSION,MONTELUKAST - DEPRESSION,2021Q1,8085,0.859,1399,Sustained
MONTELUKAST,DEPRESSION,MONTELUKAST - DEPRESSION,2021Q2,8086,0.935,1658,Sustained
MONTELUKAST,DEPRESSION,MONTELUKAST - DEPRESSION,2021Q3,8087,1.010,1943,Sustained
MONTELUKAST,DEPRESSION,MONTELUKAST - DEPRESSION,2021Q4,8088,1.092,2277,Sustained
MONTELUKAST,DEPRESSION,MONTELUKAST - DEPRESSION,2022Q1,8089,1.180,2672,Sustained
MONTELUKAST,DEPRESSION,MONTELUKAST - DEPRESSION,2022Q2,8090,1.243,3058,Sustained
MONTELUKAST,DEPRESSION,MONTELUKAST - DEPRESSION,2022Q3,8091,1.293,3424,Sustained
MONTELUKAST,DEPRESSION,MONTELUKAST - DEPRESSION,2022Q4,8092,1.333,3798,Sustained
MONTELUKAST,DEPRESSION,MONTELUKAST - DEPRESSION,2023Q1,8093,1.367,4197,Sustained
MONTELUKAST,DEPRESSION,MONTELUKAST - DEPRESSION,2023Q2,8094,1.396,4569,Sustained
MONTELUKAST,DEPRESSION,MONTELUKAST - DEPRESSION,2023Q3,8095,1.421,4962,Sustained
MONTELUKAST,DEPRESSION,MONTELUKAST - DEPRESSION,2023Q4,8096,1.442,5338,Sustained
MONTELUKAST,DEPRESSION,MONTELUKAST - DEPRESSION,2024Q1,8097,1.468,5742,Sustained
MONTELUKAST,DEPRESSION,MONTELUKAST - DEPRESSION,2024Q2,8098,1.482,6109,Sustained
MONTELUKAST,DEPRESSION,MONTELUKAST - DEPRESSION,2024Q3,8099,1.497,6486,Sustained
MONTELUKAST,DEPRESSION,MONTELUKAST - DEPRESSION,2024Q4,8100,1.515,6891,Sustained
MONTELUKAST,DEPRESSION,MONTELUKAST - DEPRESSION,2025Q1,8101,1.523,7253,Sustained
MONTELUKAST,NIGHTMARE,MONTELUKAST - NIGHTMARE,2019Q1,8077,0.027,38,Sustained
MONTELUKAST,NIGHTMARE,MONTELUKAST - NIGHTMARE,2019Q2,8078,0.515,92,Sustained
MONTELUKAST,NIGHTMARE,MONTELUKAST - NIGHTMARE,2019Q3,8079,0.725,159,Sustained
MONTELUKAST,NIGHTMARE,MONTELUKAST - NIGHTMARE,2019Q4,8080,1.034,262,Sustained
MONTELUKAST,NIGHTMARE,MONTELUKAST - NIGHTMARE,2020Q1,8081,1.218,388,Sustained
MONTELUKAST,NIGHTMARE,MONTELUKAST - NIGHTMARE,2020Q2,8082,1.374,525,Sustained
MONTELUKAST,NIGHTMARE,MONTELUKAST - NIGHTMARE,2020Q3,8083,1.545,704,Sustained
MONTELUKAST,NIGHTMARE,MONTELUKAST - NIGHTMARE,2020Q4,8084,1.661,892,Sustained
MONTELUKAST,NIGHTMARE,MONTELUKAST - NIGHTMARE,2021Q1,8085,1.762,1097,Sustained
MONTELUKAST,NIGHTMARE,MONTELUKAST - NIGHTMARE,2021Q2,8086,1.879,1357,Sustained
MONTELUKAST,NIGHTMARE,MONTELUKAST - NIGHTMARE,2021Q3,8087,1.992,1667,Sustained
MONTELUKAST,NIGHTMARE,MONTELUKAST - NIGHTMARE,2021Q4,8088,2.078,1986,Sustained
MONTELUKAST,NIGHTMARE,MONTELUKAST - NIGHTMARE,2022Q1,8089,2.141,2337,Sustained
MONTELUKAST,NIGHTMARE,MONTELUKAST - NIGHTMARE,2022Q2,8090,2.199,2692,Sustained
MONTELUKAST,NIGHTMARE,MONTELUKAST - NIGHTMARE,2022Q3,8091,2.255,3051,Sustained
MONTELUKAST,NIGHTMARE,MONTELUKAST - NIGHTMARE,2022Q4,8092,2.287,3367,Sustained
MONTELUKAST,NIGHTMARE,MONTELUKAST - NIGHTMARE,2023Q1,8093,2.324,3735,Sustained
MONTELUKAST,NIGHTMARE,MONTELUKAST - NIGHTMARE,2023Q2,8094,2.349,4072,Sustained
MONTELUKAST,NIGHTMARE,MONTELUKAST - NIGHTMARE,2023Q3,8095,2.378,4447,Sustained
MONTELUKAST,NIGHTMARE,MONTELUKAST - NIGHTMARE,2023Q4,8096,2.400,4795,Sustained
MONTELUKAST,NIGHTMARE,MONTELUKAST - NIGHTMARE,2024Q1,8097,2.413,5129,Sustained
MONTELUKAST,NIGHTMARE,MONTELUKAST - NIGHTMARE,2024Q2,8098,2.426,5466,Sustained
MONTELUKAST,NIGHTMARE,MONTELUKAST - NIGHTMARE,2024Q3,8099,2.443,5817,Sustained
MONTELUKAST,NIGHTMARE,MONTELUKAST - NIGHTMARE,2024Q4,8100,2.452,6153,Sustained
MONTELUKAST,NIGHTMARE,MONTELUKAST - NIGHTMARE,2025Q1,8101,2.462,6510,Sustained
MONTELUKAST,SUICIDAL IDEATION,MONTELUKAST - SUICIDAL IDEATION,2019Q1,8077,-0.323,40,Sustained
MONTELUKAST,SUICIDAL IDEATION,MONTELUKAST - SUICIDAL IDEATION,2019Q2,8078,0.391,118,Sustained
MONTELUKAST,SUICIDAL IDEATION,MONTELUKAST - SUICIDAL IDEATION,2019Q3,8079,0.659,216,Sustained
MONTELUKAST,SUICIDAL IDEATION,MONTELUKAST - SUICIDAL IDEATION,2019Q4,8080,0.929,355,Sustained
MONTELUKAST,SUICIDAL IDEATION,MONTELUKAST - SUICIDAL IDEATION,2020Q1,8081,1.087,511,Sustained
MONTELUKAST,SUICIDAL IDEATION,MONTELUKAST - SUICIDAL IDEATION,2020Q2,8082,1.280,728,Sustained
MONTELUKAST,SUICIDAL IDEATION,MONTELUKAST - SUICIDAL IDEATION,2020Q3,8083,1.373,923,Sustained
MONTELUKAST,SUICIDAL IDEATION,MONTELUKAST - SUICIDAL IDEATION,2020Q4,8084,1.499,1178,Sustained
MONTELUKAST,SUICIDAL IDEATION,MONTELUKAST - SUICIDAL IDEATION,2021Q1,8085,1.616,1477,Sustained
MONTELUKAST,SUICIDAL IDEATION,MONTELUKAST - SUICIDAL IDEATION,2021Q2,8086,1.695,1785,Sustained
MONTELUKAST,SUICIDAL IDEATION,MONTELUKAST - SUICIDAL IDEATION,2021Q3,8087,1.761,2119,Sustained
MONTELUKAST,SUICIDAL IDEATION,MONTELUKAST - SUICIDAL IDEATION,2021Q4,8088,1.827,2497,Sustained
MONTELUKAST,SUICIDAL IDEATION,MONTELUKAST - SUICIDAL IDEATION,2022Q1,8089,1.876,2884,Sustained
MONTELUKAST,SUICIDAL IDEATION,MONTELUKAST - SUICIDAL IDEATION,2022Q2,8090,1.920,3304,Sustained
MONTELUKAST,SUICIDAL IDEATION,MONTELUKAST - SUICIDAL IDEATION,2022Q3,8091,1.960,3728,Sustained
MONTELUKAST,SUICIDAL IDEATION,MONTELUKAST - SUICIDAL IDEATION,2022Q4,8092,1.996,4150,Sustained
MONTELUKAST,SUICIDAL IDEATION,MONTELUKAST - SUICIDAL IDEATION,2023Q1,8093,2.025,4604,Sustained
MONTELUKAST,SUICIDAL IDEATION,MONTELUKAST - SUICIDAL IDEATION,2023Q2,8094,2.050,5005,Sustained
MONTELUKAST,SUICIDAL IDEATION,MONTELUKAST - SUICIDAL IDEATION,2023Q3,8095,2.069,5445,Sustained
MONTELUKAST,SUICIDAL IDEATION,MONTELUKAST - SUICIDAL IDEATION,2023Q4,8096,2.086,5867,Sustained
MONTELUKAST,SUICIDAL IDEATION,MONTELUKAST - SUICIDAL IDEATION,2024Q1,8097,2.099,6306,Sustained
MONTELUKAST,SUICIDAL IDEATION,MONTELUKAST - SUICIDAL IDEATION,2024Q2,8098,2.112,6722,Sustained
MONTELUKAST,SUICIDAL IDEATION,MONTELUKAST - SUICIDAL IDEATION,2024Q3,8099,2.130,7158,Sustained
MONTELUKAST,SUICIDAL IDEATION,MONTELUKAST - SUICIDAL IDEATION,2024Q4,8100,2.143,7597,Sustained
MONTELUKAST,SUICIDAL IDEATION,MONTELUKAST - SUICIDAL IDEATION,2025Q1,8101,2.155,8036,Sustained
OMEPRAZOLE,CLOSTRIDIUM DIFFICILE COLITIS,OMEPRAZOLE - CLOSTRIDIUM DIFFICILE COLITIS,2019Q1,8077,-1.113,11,Sustained
OMEPRAZOLE,CLOSTRIDIUM DIFFICILE COLITIS,OMEPRAZOLE - CLOSTRIDIUM DIFFICILE COLITIS,2019Q2,8078,-1.144,17,Sustained
OMEPRAZOLE,CLOSTRIDIUM DIFFICILE COLITIS,OMEPRAZOLE - CLOSTRIDIUM DIFFICILE COLITIS,2019Q3,8079,-0.013,48,Sustained
OMEPRAZOLE,CLOSTRIDIUM DIFFICILE COLITIS,OMEPRAZOLE - CLOSTRIDIUM DIFFICILE COLITIS,2019Q4,8080,0.566,94,Sustained
OMEPRAZOLE,CLOSTRIDIUM DIFFICILE COLITIS,OMEPRAZOLE - CLOSTRIDIUM DIFFICILE COLITIS,2020Q1,8081,1.032,165,Sustained
OMEPRAZOLE,CLOSTRIDIUM DIFFICILE COLITIS,OMEPRAZOLE - CLOSTRIDIUM DIFFICILE COLITIS,2020Q2,8082,1.282,238,Sustained
OMEPRAZOLE,CLOSTRIDIUM DIFFICILE COLITIS,OMEPRAZOLE - CLOSTRIDIUM DIFFICILE COLITIS,2020Q3,8083,1.523,343,Sustained
OMEPRAZOLE,CLOSTRIDIUM DIFFICILE COLITIS,OMEPRAZOLE - CLOSTRIDIUM DIFFICILE COLITIS,2020Q4,8084,1.721,460,Sustained
OMEPRAZOLE,CLOSTRIDIUM DIFFICILE COLITIS,OMEPRAZOLE - CLOSTRIDIUM DIFFICILE COLITIS,2021Q1,8085,1.860,587,Sustained
OMEPRAZOLE,CLOSTRIDIUM DIFFICILE COLITIS,OMEPRAZOLE - CLOSTRIDIUM DIFFICILE COLITIS,2021Q2,8086,1.992,748,Sustained
OMEPRAZOLE,CLOSTRIDIUM DIFFICILE COLITIS,OMEPRAZOLE - CLOSTRIDIUM DIFFICILE COLITIS,2021Q3,8087,2.109,937,Sustained
OMEPRAZOLE,CLOSTRIDIUM DIFFICILE COLITIS,OMEPRAZOLE - CLOSTRIDIUM DIFFICILE COLITIS,2021Q4,8088,2.202,1130,Sustained
OMEPRAZOLE,CLOSTRIDIUM DIFFICILE COLITIS,OMEPRAZOLE - CLOSTRIDIUM DIFFICILE COLITIS,2022Q1,8089,2.285,1336,Sustained
OMEPRAZOLE,CLOSTRIDIUM DIFFICILE COLITIS,OMEPRAZOLE - CLOSTRIDIUM DIFFICILE COLITIS,2022Q2,8090,2.344,1574,Sustained
OMEPRAZOLE,CLOSTRIDIUM DIFFICILE COLITIS,OMEPRAZOLE - CLOSTRIDIUM DIFFICILE COLITIS,2022Q3,8091,2.404,1829,Sustained
OMEPRAZOLE,CLOSTRIDIUM DIFFICILE COLITIS,OMEPRAZOLE - CLOSTRIDIUM DIFFICILE COLITIS,2022Q4,8092,2.459,2101,Sustained
OMEPRAZOLE,CLOSTRIDIUM DIFFICILE COLITIS,OMEPRAZOLE - CLOSTRIDIUM DIFFICILE COLITIS,2023Q1,8093,2.496,2346,Sustained
OMEPRAZOLE,CLOSTRIDIUM DIFFICILE COLITIS,OMEPRAZOLE - CLOSTRIDIUM DIFFICILE COLITIS,2023Q2,8094,2.526,2575,Sustained
OMEPRAZOLE,CLOSTRIDIUM DIFFICILE COLITIS,OMEPRAZOLE - CLOSTRIDIUM DIFFICILE COLITIS,2023Q3,8095,2.544,2820,Sustained
OMEPRAZOLE,CLOSTRIDIUM DIFFICILE COLITIS,OMEPRAZOLE - CLOSTRIDIUM DIFFICILE COLITIS,2023Q4,8096,2.572,3062,Sustained
OMEPRAZOLE,CLOSTRIDIUM DIFFICILE COLITIS,OMEPRAZOLE - CLOSTRIDIUM DIFFICILE COLITIS,2024Q1,8097,2.584,3284,Sustained
OMEPRAZOLE,CLOSTRIDIUM DIFFICILE COLITIS,OMEPRAZOLE - CLOSTRIDIUM DIFFICILE COLITIS,2024Q2,8098,2.593,3496,Sustained
OMEPRAZOLE,CLOSTRIDIUM DIFFICILE COLITIS,OMEPRAZOLE - CLOSTRIDIUM DIFFICILE COLITIS,2024Q3,8099,2.604,3720,Sustained
OMEPRAZOLE,CLOSTRIDIUM DIFFICILE COLITIS,OMEPRAZOLE - CLOSTRIDIUM DIFFICILE COLITIS,2024Q4,8100,2.611,3940,Sustained
OMEPRAZOLE,CLOSTRIDIUM DIFFICILE COLITIS,OMEPRAZOLE - CLOSTRIDIUM DIFFICILE COLITIS,2025Q1,8101,2.618,4159,Sustained
ONDANSETRON,ELECTROCARDIOGRAM QT PROLONGED,ONDANSETRON - ELECTROCARDIOGRAM QT PROLONGED,2019Q1,8077,-0.401,25,Sustained
ONDANSETRON,ELECTROCARDIOGRAM QT PROLONGED,ONDANSETRON - ELECTROCARDIOGRAM QT PROLONGED,2019Q2,8078,-0.278,49,Sustained
ONDANSETRON,ELECTROCARDIOGRAM QT PROLONGED,ONDANSETRON - ELECTROCARDIOGRAM QT PROLONGED,2019Q3,8079,-0.274,69,Sustained
ONDANSETRON,ELECTROCARDIOGRAM QT PROLONGED,ONDANSETRON - ELECTROCARDIOGRAM QT PROLONGED,2019Q4,8080,-0.220,91,Sustained
ONDANSETRON,ELECTROCARDIOGRAM QT PROLONGED,ONDANSETRON - ELECTROCARDIOGRAM QT PROLONGED,2020Q1,8081,-0.131,119,Sustained
ONDANSETRON,ELECTROCARDIOGRAM QT PROLONGED,ONDANSETRON - ELECTROCARDIOGRAM QT PROLONGED,2020Q2,8082,0.066,166,Sustained
ONDANSETRON,ELECTROCARDIOGRAM QT PROLONGED,ONDANSETRON - ELECTROCARDIOGRAM QT PROLONGED,2020Q3,8083,0.406,247,Sustained
ONDANSETRON,ELECTROCARDIOGRAM QT PROLONGED,ONDANSETRON - ELECTROCARDIOGRAM QT PROLONGED,2020Q4,8084,0.662,351,Sustained
ONDANSETRON,ELECTROCARDIOGRAM QT PROLONGED,ONDANSETRON - ELECTROCARDIOGRAM QT PROLONGED,2021Q1,8085,0.938,499,Sustained
ONDANSETRON,ELECTROCARDIOGRAM QT PROLONGED,ONDANSETRON - ELECTROCARDIOGRAM QT PROLONGED,2021Q2,8086,1.141,673,Sustained
ONDANSETRON,ELECTROCARDIOGRAM QT PROLONGED,ONDANSETRON - ELECTROCARDIOGRAM QT PROLONGED,2021Q3,8087,1.370,920,Sustained
ONDANSETRON,ELECTROCARDIOGRAM QT PROLONGED,ONDANSETRON - ELECTROCARDIOGRAM QT PROLONGED,2021Q4,8088,1.501,1140,Sustained
ONDANSETRON,ELECTROCARDIOGRAM QT PROLONGED,ONDANSETRON - ELECTROCARDIOGRAM QT PROLONGED,2022Q1,8089,1.611,1399,Sustained
ONDANSETRON,ELECTROCARDIOGRAM QT PROLONGED,ONDANSETRON - ELECTROCARDIOGRAM QT PROLONGED,2022Q2,8090,1.718,1699,Sustained
ONDANSETRON,ELECTROCARDIOGRAM QT PROLONGED,ONDANSETRON - ELECTROCARDIOGRAM QT PROLONGED,2022Q3,8091,1.793,2011,Sustained
ONDANSETRON,ELECTROCARDIOGRAM QT PROLONGED,ONDANSETRON - ELECTROCARDIOGRAM QT PROLONGED,2022Q4,8092,1.860,2344,Sustained
ONDANSETRON,ELECTROCARDIOGRAM QT PROLONGED,ONDANSETRON - ELECTROCARDIOGRAM QT PROLONGED,2023Q1,8093,1.908,2674,Sustained
ONDANSETRON,ELECTROCARDIOGRAM QT PROLONGED,ONDANSETRON - ELECTROCARDIOGRAM QT PROLONGED,2023Q2,8094,1.947,3001,Sustained
ONDANSETRON,ELECTROCARDIOGRAM QT PROLONGED,ONDANSETRON - ELECTROCARDIOGRAM QT PROLONGED,2023Q3,8095,1.969,3306,Sustained
ONDANSETRON,ELECTROCARDIOGRAM QT PROLONGED,ONDANSETRON - ELECTROCARDIOGRAM QT PROLONGED,2023Q4,8096,1.998,3635,Sustained
ONDANSETRON,ELECTROCARDIOGRAM QT PROLONGED,ONDANSETRON - ELECTROCARDIOGRAM QT PROLONGED,2024Q1,8097,2.029,3968,Sustained
ONDANSETRON,ELECTROCARDIOGRAM QT PROLONGED,ONDANSETRON - ELECTROCARDIOGRAM QT PROLONGED,2024Q2,8098,2.048,4288,Sustained
ONDANSETRON,ELECTROCARDIOGRAM QT PROLONGED,ONDANSETRON - ELECTROCARDIOGRAM QT PROLONGED,2024Q3,8099,2.070,4621,Sustained
ONDANSETRON,ELECTROCARDIOGRAM QT PROLONGED,ONDANSETRON - ELECTROCARDIOGRAM QT PROLONGED,2024Q4,8100,2.092,4968,Sustained
ONDANSETRON,ELECTROCARDIOGRAM QT PROLONGED,ONDANSETRON - ELECTROCARDIOGRAM QT PROLONGED,2025Q1,8101,2.102,5297,Sustained
ONDANSETRON,TORSADE DE POINTES,ONDANSETRON - TORSADE DE POINTES,2019Q1,8077,-0.988,10,Sustained
ONDANSETRON,TORSADE DE POINTES,ONDANSETRON - TORSADE DE POINTES,2019Q2,8078,-1.089,17,Sustained
ONDANSETRON,TORSADE DE POINTES,ONDANSETRON - TORSADE DE POINTES,2019Q3,8079,-0.813,27,Sustained
ONDANSETRON,TORSADE DE POINTES,ONDANSETRON - TORSADE DE POINTES,2019Q4,8080,-0.551,39,Sustained
ONDANSETRON,TORSADE DE POINTES,ONDANSETRON - TORSADE DE POINTES,2020Q1,8081,-0.543,48,Sustained
ONDANSETRON,TORSADE DE POINTES,ONDANSETRON - TORSADE DE POINTES,2020Q2,8082,-0.704,51,Sustained
ONDANSETRON,TORSADE DE POINTES,ONDANSETRON - TORSADE DE POINTES,2020Q3,8083,-0.187,83,Sustained
ONDANSETRON,TORSADE DE POINTES,ONDANSETRON - TORSADE DE POINTES,2020Q4,8084,0.370,136,Sustained
ONDANSETRON,TORSADE DE POINTES,ONDANSETRON - TORSADE DE POINTES,2021Q1,8085,0.842,214,Sustained
ONDANSETRON,TORSADE DE POINTES,ONDANSETRON - TORSADE DE POINTES,2021Q2,8086,1.142,297,Sustained
ONDANSETRON,TORSADE DE POINTES,ONDANSETRON - TORSADE DE POINTES,2021Q3,8087,1.433,413,Sustained
ONDANSETRON,TORSADE DE POINTES,ONDANSETRON - TORSADE DE POINTES,2021Q4,8088,1.681,557,Sustained
ONDANSETRON,TORSADE DE POINTES,ONDANSETRON - TORSADE DE POINTES,2022Q1,8089,1.828,692,Sustained
ONDANSETRON,TORSADE DE POINTES,ONDANSETRON - TORSADE DE POINTES,2022Q2,8090,1.957,846,Sustained
ONDANSETRON,TORSADE DE POINTES,ONDANSETRON - TORSADE DE POINTES,2022Q3,8091,2.070,1023,Sustained
ONDANSETRON,TORSADE DE POINTES,ONDANSETRON - TORSADE DE POINTES,2022Q4,8092,2.185,1224,Sustained
ONDANSETRON,TORSADE DE POINTES,ONDANSETRON - TORSADE DE POINTES,2023Q1,8093,2.281,1434,Sustained
ONDANSETRON,TORSADE DE POINTES,ONDANSETRON - TORSADE DE POINTES,2023Q2,8094,2.342,1629,Sustained
ONDANSETRON,TORSADE DE POINTES,ONDANSETRON - TORSADE DE POINTES,2023Q3,8095,2.403,1852,Sustained
ONDANSETRON,TORSADE DE POINTES,ONDANSETRON - TORSADE DE POINTES,2023Q4,8096,2.441,2053,Sustained
ONDANSETRON,TORSADE DE POINTES,ONDANSETRON - TORSADE DE POINTES,2024Q1,8097,2.484,2263,Sustained
ONDANSETRON,TORSADE DE POINTES,ONDANSETRON - TORSADE DE POINTES,2024Q2,8098,2.520,2472,Sustained
ONDANSETRON,TORSADE DE POINTES,ONDANSETRON - TORSADE DE POINTES,2024Q3,8099,2.556,2680,Sustained
ONDANSETRON,TORSADE DE POINTES,ONDANSETRON - TORSADE DE POINTES,2024Q4,8100,2.576,2872,Sustained
ONDANSETRON,TORSADE DE POINTES,ONDANSETRON - TORSADE DE POINTES,2025Q1,8101,2.597,3093,Sustained
PREDNISONE,PNEUMONIA,PREDNISONE - PNEUMONIA,2019Q1,8077,-0.517,41,Sustained
PREDNISONE,PNEUMONIA,PREDNISONE - PNEUMONIA,2019Q2,8078,-0.316,80,Sustained
PREDNISONE,PNEUMONIA,PREDNISONE - PNEUMONIA,2019Q3,8079,-0.092,137,Sustained
PREDNISONE,PNEUMONIA,PREDNISONE - PNEUMONIA,2019Q4,8080,-0.100,180,Sustained
PREDNISONE,PNEUMONIA,PREDNISONE - PNEUMONIA,2020Q1,8081,-0.035,232,Sustained
PREDNISONE,PNEUMONIA,PREDNISONE - PNEUMONIA,2020Q2,8082,0.073,300,Sustained
PREDNISONE,PNEUMONIA,PREDNISONE - PNEUMONIA,2020Q3,8083,0.184,376,Sustained
PREDNISONE,PNEUMONIA,PREDNISONE - PNEUMONIA,2020Q4,8084,0.261,451,Sustained
PREDNISONE,PNEUMONIA,PREDNISONE - PNEUMONIA,2021Q1,8085,0.363,552,Sustained
PREDNISONE,PNEUMONIA,PREDNISONE - PNEUMONIA,2021Q2,8086,0.393,629,Sustained
PREDNISONE,PNEUMONIA,PREDNISONE - PNEUMONIA,2021Q3,8087,0.480,737,Sustained
PREDNISONE,PNEUMONIA,PREDNISONE - PNEUMONIA,2021Q4,8088,0.547,846,Sustained
PREDNISONE,PNEUMONIA,PREDNISONE - PNEUMONIA,2022Q1,8089,0.638,984,Sustained
PREDNISONE,PNEUMONIA,PREDNISONE - PNEUMONIA,2022Q2,8090,0.723,1134,Sustained
PREDNISONE,PNEUMONIA,PREDNISONE - PNEUMONIA,2022Q3,8091,0.771,1262,Sustained
PREDNISONE,PNEUMONIA,PREDNISONE - PNEUMONIA,2022Q4,8092,0.812,1399,Sustained
PREDNISONE,PNEUMONIA,PREDNISONE - PNEUMONIA,2023Q1,8093,0.867,1559,Sustained
PREDNISONE,PNEUMONIA,PREDNISONE - PNEUMONIA,2023Q2,8094,0.892,1697,Sustained
PREDNISONE,PNEUMONIA,PREDNISONE - PNEUMONIA,2023Q3,8095,0.923,1842,Sustained
PREDNISONE,PNEUMONIA,PREDNISONE - PNEUMONIA,2023Q4,8096,0.962,1993,Sustained
PREDNISONE,PNEUMONIA,PREDNISONE - PNEUMONIA,2024Q1,8097,0.975,2114,Sustained
PREDNISONE,PNEUMONIA,PREDNISONE - PNEUMONIA,2024Q2,8098,1.003,2268,Sustained
PREDNISONE,PNEUMONIA,PREDNISONE - PNEUMONIA,2024Q3,8099,1.014,2399,Sustained
PREDNISONE,PNEUMONIA,PREDNISONE - PNEUMONIA,2024Q4,8100,1.029,2535,Sustained
PREDNISONE,PNEUMONIA,PREDNISONE - PNEUMONIA,2025Q1,8101,1.044,2672,Sustained
SERTRALINE,HYPONATRAEMIA,SERTRALINE - HYPONATRAEMIA,2019Q1,8077,-0.936,26,Sustained
SERTRALINE,HYPONATRAEMIA,SERTRALINE - HYPONATRAEMIA,2019Q2,8078,-0.650,55,Sustained
SERTRALINE,HYPONATRAEMIA,SERTRALINE - HYPONATRAEMIA,2019Q3,8079,-0.313,98,Sustained
SERTRALINE,HYPONATRAEMIA,SERTRALINE - HYPONATRAEMIA,2019Q4,8080,-0.101,145,Sustained
SERTRALINE,HYPONATRAEMIA,SERTRALINE - HYPONATRAEMIA,2020Q1,8081,0.194,219,Sustained
SERTRALINE,HYPONATRAEMIA,SERTRALINE - HYPONATRAEMIA,2020Q2,8082,0.331,284,Sustained
SERTRALINE,HYPONATRAEMIA,SERTRALINE - HYPONATRAEMIA,2020Q3,8083,0.536,377,Sustained
SERTRALINE,HYPONATRAEMIA,SERTRALINE - HYPONATRAEMIA,2020Q4,8084,0.657,473,Sustained
SERTRALINE,HYPONATRAEMIA,SERTRALINE - HYPONATRAEMIA,2021Q1,8085,0.757,571,Sustained
SERTRALINE,HYPONATRAEMIA,SERTRALINE - HYPONATRAEMIA,2021Q2,8086,0.880,694,Sustained
SERTRALINE,HYPONATRAEMIA,SERTRALINE - HYPONATRAEMIA,2021Q3,8087,0.991,828,Sustained
SERTRALINE,HYPONATRAEMIA,SERTRALINE - HYPONATRAEMIA,2021Q4,8088,1.061,949,Sustained
SERTRALINE,HYPONATRAEMIA,SERTRALINE - HYPONATRAEMIA,2022Q1,8089,1.127,1088,Sustained
SERTRALINE,HYPONATRAEMIA,SERTRALINE - HYPONATRAEMIA,2022Q2,8090,1.198,1247,Sustained
SERTRALINE,HYPONATRAEMIA,SERTRALINE - HYPONATRAEMIA,2022Q3,8091,1.260,1411,Sustained
SERTRALINE,HYPONATRAEMIA,SERTRALINE - HYPONATRAEMIA,2022Q4,8092,1.288,1545,Sustained
SERTRALINE,HYPONATRAEMIA,SERTRALINE - HYPONATRAEMIA,2023Q1,8093,1.326,1698,Sustained
SERTRALINE,HYPONATRAEMIA,SERTRALINE - HYPONATRAEMIA,2023Q2,8094,1.360,1848,Sustained
SERTRALINE,HYPONATRAEMIA,SERTRALINE - HYPONATRAEMIA,2023Q3,8095,1.393,2008,Sustained
SERTRALINE,HYPONATRAEMIA,SERTRALINE - HYPONATRAEMIA,2023Q4,8096,1.410,2154,Sustained
SERTRALINE,HYPONATRAEMIA,SERTRALINE - HYPONATRAEMIA,2024Q1,8097,1.436,2309,Sustained
SERTRALINE,HYPONATRAEMIA,SERTRALINE - HYPONATRAEMIA,2024Q2,8098,1.461,2458,Sustained
SERTRALINE,HYPONATRAEMIA,SERTRALINE - HYPONATRAEMIA,2024Q3,8099,1.477,2596,Sustained
SERTRALINE,HYPONATRAEMIA,SERTRALINE - HYPONATRAEMIA,2024Q4,8100,1.495,2752,Sustained
SERTRALINE,HYPONATRAEMIA,SERTRALINE - HYPONATRAEMIA,2025Q1,8101,1.506,2901,Sustained
SITAGLIPTIN,PANCREATITIS,SITAGLIPTIN - PANCREATITIS,2019Q1,8077,-1.010,13,Sustained
SITAGLIPTIN,PANCREATITIS,SITAGLIPTIN - PANCREATITIS,2019Q2,8078,-0.157,37,Sustained
SITAGLIPTIN,PANCREATITIS,SITAGLIPTIN - PANCREATITIS,2019Q3,8079,0.333,71,Sustained
SITAGLIPTIN,PANCREATITIS,SITAGLIPTIN - PANCREATITIS,2019Q4,8080,0.698,117,Sustained
SITAGLIPTIN,PANCREATITIS,SITAGLIPTIN - PANCREATITIS,2020Q1,8081,1.021,179,Sustained
SITAGLIPTIN,PANCREATITIS,SITAGLIPTIN - PANCREATITIS,2020Q2,8082,1.241,249,Sustained
SITAGLIPTIN,PANCREATITIS,SITAGLIPTIN - PANCREATITIS,2020Q3,8083,1.440,335,Sustained
SITAGLIPTIN,PANCREATITIS,SITAGLIPTIN - PANCREATITIS,2020Q4,8084,1.610,434,Sustained
SITAGLIPTIN,PANCREATITIS,SITAGLIPTIN - PANCREATITIS,2021Q1,8085,1.779,555,Sustained
SITAGLIPTIN,PANCREATITIS,SITAGLIPTIN - PANCREATITIS,2021Q2,8086,1.915,688,Sustained
SITAGLIPTIN,PANCREATITIS,SITAGLIPTIN - PANCREATITIS,2021Q3,8087,2.024,819,Sustained
SITAGLIPTIN,PANCREATITIS,SITAGLIPTIN - PANCREATITIS,2021Q4,8088,2.134,978,Sustained
SITAGLIPTIN,PANCREATITIS,SITAGLIPTIN - PANCREATITIS,2022Q1,8089,2.231,1158,Sustained
SITAGLIPTIN,PANCREATITIS,SITAGLIPTIN - PANCREATITIS,2022Q2,8090,2.319,1333,Sustained
SITAGLIPTIN,PANCREATITIS,SITAGLIPTIN - PANCREATITIS,2022Q3,8091,2.386,1497,Sustained
SITAGLIPTIN,PANCREATITIS,SITAGLIPTIN - PANCREATITIS,2022Q4,8092,2.445,1689,Sustained
SITAGLIPTIN,PANCREATITIS,SITAGLIPTIN - PANCREATITIS,2023Q1,8093,2.476,1842,Sustained
SITAGLIPTIN,PANCREATITIS,SITAGLIPTIN - PANCREATITIS,2023Q2,8094,2.498,1986,Sustained
SITAGLIPTIN,PANCREATITIS,SITAGLIPTIN - PANCREATITIS,2023Q3,8095,2.546,2182,Sustained
SITAGLIPTIN,PANCREATITIS,SITAGLIPTIN - PANCREATITIS,2023Q4,8096,2.581,2365,Sustained
SITAGLIPTIN,PANCREATITIS,SITAGLIPTIN - PANCREATITIS,2024Q1,8097,2.607,2540,Sustained
SITAGLIPTIN,PANCREATITIS,SITAGLIPTIN - PANCREATITIS,2024Q2,8098,2.632,2718,Sustained
SITAGLIPTIN,PANCREATITIS,SITAGLIPTIN - PANCREATITIS,2024Q3,8099,2.647,2880,Sustained
SITAGLIPTIN,PANCREATITIS,SITAGLIPTIN - PANCREATITIS,2024Q4,8100,2.659,3025,Sustained
SITAGLIPTIN,PANCREATITIS,SITAGLIPTIN - PANCREATITIS,2025Q1,8101,2.676,3200,Sustained
TAMSULOSIN,TOXIC EPIDERMAL NECROLYSIS,TAMSULOSIN - TOXIC EPIDERMAL NECROLYSIS,2019Q1,8077,0.179,15,Transient
TAMSULOSIN,TOXIC EPIDERMAL NECROLYSIS,TAMSULOSIN - TOXIC EPIDERMAL NECROLYSIS,2019Q2,8078,-0.122,22,Transient
TAMSULOSIN,TOXIC EPIDERMAL NECROLYSIS,TAMSULOSIN - TOXIC EPIDERMAL NECROLYSIS,2019Q3,8079,-0.059,30,Transient
TAMSULOSIN,TOXIC EPIDERMAL NECROLYSIS,TAMSULOSIN - TOXIC EPIDERMAL NECROLYSIS,2019Q4,8080,-0.173,35,Transient
TAMSULOSIN,TOXIC EPIDERMAL NECROLYSIS,TAMSULOSIN - TOXIC EPIDERMAL NECROLYSIS,2020Q1,8081,-0.251,40,Transient
TAMSULOSIN,TOXIC EPIDERMAL NECROLYSIS,TAMSULOSIN - TOXIC EPIDERMAL NECROLYSIS,2020Q2,8082,-0.322,45,Transient
TAMSULOSIN,TOXIC EPIDERMAL NECROLYSIS,TAMSULOSIN - TOXIC EPIDERMAL NECROLYSIS,2020Q3,8083,-0.325,51,Transient
TAMSULOSIN,TOXIC EPIDERMAL NECROLYSIS,TAMSULOSIN - TOXIC EPIDERMAL NECROLYSIS,2020Q4,8084,-0.223,61,Transient
TAMSULOSIN,TOXIC EPIDERMAL NECROLYSIS,TAMSULOSIN - TOXIC EPIDERMAL NECROLYSIS,2021Q1,8085,-0.235,67,Transient
TAMSULOSIN,TOXIC EPIDERMAL NECROLYSIS,TAMSULOSIN - TOXIC EPIDERMAL NECROLYSIS,2021Q2,8086,-0.281,72,Transient
TAMSULOSIN,TOXIC EPIDERMAL NECROLYSIS,TAMSULOSIN - TOXIC EPIDERMAL NECROLYSIS,2021Q3,8087,-0.328,76,Transient
TAMSULOSIN,TOXIC EPIDERMAL NECROLYSIS,TAMSULOSIN - TOXIC EPIDERMAL NECROLYSIS,2021Q4,8088,-0.322,81,Transient
TAMSULOSIN,TOXIC EPIDERMAL NECROLYSIS,TAMSULOSIN - TOXIC EPIDERMAL NECROLYSIS,2022Q1,8089,-0.352,85,Transient
TAMSULOSIN,TOXIC EPIDERMAL NECROLYSIS,TAMSULOSIN - TOXIC EPIDERMAL NECROLYSIS,2022Q2,8090,-0.236,98,Transient
TAMSULOSIN,TOXIC EPIDERMAL NECROLYSIS,TAMSULOSIN - TOXIC EPIDERMAL NECROLYSIS,2022Q3,8091,-0.208,106,Transient
TAMSULOSIN,TOXIC EPIDERMAL NECROLYSIS,TAMSULOSIN - TOXIC EPIDERMAL NECROLYSIS,2022Q4,8092,-0.168,115,Transient
TAMSULOSIN,TOXIC EPIDERMAL NECROLYSIS,TAMSULOSIN - TOXIC EPIDERMAL NECROLYSIS,2023Q1,8093,-0.178,121,Transient
TAMSULOSIN,TOXIC EPIDERMAL NECROLYSIS,TAMSULOSIN - TOXIC EPIDERMAL NECROLYSIS,2023Q2,8094,-0.203,125,Transient
TAMSULOSIN,TOXIC EPIDERMAL NECROLYSIS,TAMSULOSIN - TOXIC EPIDERMAL NECROLYSIS,2023Q3,8095,-0.156,136,Transient
TAMSULOSIN,TOXIC EPIDERMAL NECROLYSIS,TAMSULOSIN - TOXIC EPIDERMAL NECROLYSIS,2023Q4,8096,-0.164,142,Transient
TAMSULOSIN,TOXIC EPIDERMAL NECROLYSIS,TAMSULOSIN - TOXIC EPIDERMAL NECROLYSIS,2024Q1,8097,-0.178,148,Transient
TAMSULOSIN,TOXIC EPIDERMAL NECROLYSIS,TAMSULOSIN - TOXIC EPIDERMAL NECROLYSIS,2024Q2,8098,-0.162,156,Transient
TAMSULOSIN,TOXIC EPIDERMAL NECROLYSIS,TAMSULOSIN - TOXIC EPIDERMAL NECROLYSIS,2024Q3,8099,-0.140,164,Transient
TAMSULOSIN,TOXIC EPIDERMAL NECROLYSIS,TAMSULOSIN - TOXIC EPIDERMAL NECROLYSIS,2024Q4,8100,-0.083,177,Transient
TAMSULOSIN,TOXIC EPIDERMAL NECROLYSIS,TAMSULOSIN - TOXIC EPIDERMAL NECROLYSIS,2025Q1,8101,-0.087,184,Transient
TRAMADOL,RESPIRATORY DEPRESSION,TRAMADOL - RESPIRATORY DEPRESSION,2019Q1,8077,-0.463,21,Sustained
TRAMADOL,RESPIRATORY DEPRESSION,TRAMADOL - RESPIRATORY DEPRESSION,2019Q2,8078,-0.416,38,Sustained
TRAMADOL,RESPIRATORY DEPRESSION,TRAMADOL - RESPIRATORY DEPRESSION,2019Q3,8079,-0.226,61,Sustained
TRAMADOL,RESPIRATORY DEPRESSION,TRAMADOL - RESPIRATORY DEPRESSION,2019Q4,8080,-0.297,76,Sustained
TRAMADOL,RESPIRATORY DEPRESSION,TRAMADOL - RESPIRATORY DEPRESSION,2020Q1,8081,-0.195,98,Sustained
TRAMADOL,RESPIRATORY DEPRESSION,TRAMADOL - RESPIRATORY DEPRESSION,2020Q2,8082,0.068,138,Sustained
TRAMADOL,RESPIRATORY DEPRESSION,TRAMADOL - RESPIRATORY DEPRESSION,2020Q3,8083,0.292,187,Sustained
TRAMADOL,RESPIRATORY DEPRESSION,TRAMADOL - RESPIRATORY DEPRESSION,2020Q4,8084,0.572,260,Sustained
TRAMADOL,RESPIRATORY DEPRESSION,TRAMADOL - RESPIRATORY DEPRESSION,2021Q1,8085,0.804,348,Sustained
TRAMADOL,RESPIRATORY DEPRESSION,TRAMADOL - RESPIRATORY DEPRESSION,2021Q2,8086,1.027,453,Sustained
TRAMADOL,RESPIRATORY DEPRESSION,TRAMADOL - RESPIRATORY DEPRESSION,2021Q3,8087,1.246,589,Sustained
TRAMADOL,RESPIRATORY DEPRESSION,TRAMADOL - RESPIRATORY DEPRESSION,2021Q4,8088,1.431,745,Sustained
TRAMADOL,RESPIRATORY DEPRESSION,TRAMADOL - RESPIRATORY DEPRESSION,2022Q1,8089,1.553,893,Sustained
TRAMADOL,RESPIRATORY DEPRESSION,TRAMADOL - RESPIRATORY DEPRESSION,2022Q2,8090,1.700,1080,Sustained
TRAMADOL,RESPIRATORY DEPRESSION,TRAMADOL - RESPIRATORY DEPRESSION,2022Q3,8091,1.798,1263,Sustained
TRAMADOL,RESPIRATORY DEPRESSION,TRAMADOL - RESPIRATORY DEPRESSION,2022Q4,8092,1.885,1470,Sustained
TRAMADOL,RESPIRATORY DEPRESSION,TRAMADOL - RESPIRATORY DEPRESSION,2023Q1,8093,1.977,1708,Sustained
TRAMADOL,RESPIRATORY DEPRESSION,TRAMADOL - RESPIRATORY DEPRESSION,2023Q2,8094,2.024,1892,Sustained
TRAMADOL,RESPIRATORY DEPRESSION,TRAMADOL - RESPIRATORY DEPRESSION,2023Q3,8095,2.084,2116,Sustained
TRAMADOL,RESPIRATORY DEPRESSION,TRAMADOL - RESPIRATORY DEPRESSION,2023Q4,8096,2.132,2335,Sustained
TRAMADOL,RESPIRATORY DEPRESSION,TRAMADOL - RESPIRATORY DEPRESSION,2024Q1,8097,2.167,2537,Sustained
TRAMADOL,RESPIRATORY DEPRESSION,TRAMADOL - RESPIRATORY DEPRESSION,2024Q2,8098,2.201,2750,Sustained
TRAMADOL,RESPIRATORY DEPRESSION,TRAMADOL - RESPIRATORY DEPRESSION,2024Q3,8099,2.224,2944,Sustained
TRAMADOL,RESPIRATORY DEPRESSION,TRAMADOL - RESPIRATORY DEPRESSION,2024Q4,8100,2.254,3156,Sustained
TRAMADOL,RESPIRATORY DEPRESSION,TRAMADOL - RESPIRATORY DEPRESSION,2025Q1,8101,2.280,3379,Sustained
TRAMADOL,SEROTONIN SYNDROME,TRAMADOL - SEROTONIN SYNDROME,2019Q1,8077,-0.847,10,Sustained
TRAMADOL,SEROTONIN SYNDROME,TRAMADOL - SEROTONIN SYNDROME,2019Q2,8078,-0.905,16,Sustained
TRAMADOL,SEROTONIN SYNDROME,TRAMADOL - SEROTONIN SYNDROME,2019Q3,8079,-0.750,24,Sustained
TRAMADOL,SEROTONIN SYNDROME,TRAMADOL - SEROTONIN SYNDROME,2019Q4,8080,-0.578,34,Sustained
TRAMADOL,SEROTONIN SYNDROME,TRAMADOL - SEROTONIN SYNDROME,2020Q1,8081,0.057,62,Sustained
TRAMADOL,SEROTONIN SYNDROME,TRAMADOL - SEROTONIN SYNDROME,2020Q2,8082,0.637,111,Sustained
TRAMADOL,SEROTONIN SYNDROME,TRAMADOL - SEROTONIN SYNDROME,2020Q3,8083,1.086,181,Sustained
TRAMADOL,SEROTONIN SYNDROME,TRAMADOL - SEROTONIN SYNDROME,2020Q4,8084,1.470,284,Sustained
TRAMADOL,SEROTONIN SYNDROME,TRAMADOL - SEROTONIN SYNDROME,2021Q1,8085,1.718,385,Sustained
TRAMADOL,SEROTONIN SYNDROME,TRAMADOL - SEROTONIN SYNDROME,2021Q2,8086,1.939,522,Sustained
TRAMADOL,SEROTONIN SYNDROME,TRAMADOL - SEROTONIN SYNDROME,2021Q3,8087,2.111,673,Sustained
TRAMADOL,SEROTONIN SYNDROME,TRAMADOL - SEROTONIN SYNDROME,2021Q4,8088,2.295,883,Sustained
TRAMADOL,SEROTONIN SYNDROME,TRAMADOL - SEROTONIN SYNDROME,2022Q1,8089,2.446,1130,Sustained
TRAMADOL,SEROTONIN SYNDROME,TRAMADOL - SEROTONIN SYNDROME,2022Q2,8090,2.541,1349,Sustained
TRAMADOL,SEROTONIN SYNDROME,TRAMADOL - SEROTONIN SYNDROME,2022Q3,8091,2.623,1593,Sustained
TRAMADOL,SEROTONIN SYNDROME,TRAMADOL - SEROTONIN SYNDROME,2022Q4,8092,2.686,1845,Sustained
TRAMADOL,SEROTONIN SYNDROME,TRAMADOL - SEROTONIN SYNDROME,2023Q1,8093,2.738,2088,Sustained
TRAMADOL,SEROTONIN SYNDROME,TRAMADOL - SEROTONIN SYNDROME,2023Q2,8094,2.777,2313,Sustained
TRAMADOL,SEROTONIN SYNDROME,TRAMADOL - SEROTONIN SYNDROME,2023Q3,8095,2.817,2564,Sustained
TRAMADOL,SEROTONIN SYNDROME,TRAMADOL - SEROTONIN SYNDROME,2023Q4,8096,2.849,2817,Sustained
TRAMADOL,SEROTONIN SYNDROME,TRAMADOL - SEROTONIN SYNDROME,2024Q1,8097,2.875,3076,Sustained
TRAMADOL,SEROTONIN SYNDROME,TRAMADOL - SEROTONIN SYNDROME,2024Q2,8098,2.896,3326,Sustained
TRAMADOL,SEROTONIN SYNDROME,TRAMADOL - SEROTONIN SYNDROME,2024Q3,8099,2.916,3587,Sustained
TRAMADOL,SEROTONIN SYNDROME,TRAMADOL - SEROTONIN SYNDROME,2024Q4,8100,2.932,3824,Sustained
TRAMADOL,SEROTONIN SYNDROME,TRAMADOL - SEROTONIN SYNDROME,2025Q1,8101,2.946,4069,Sustained
VALPROATE,FOETAL MALFORMATION,VALPROATE - FOETAL MALFORMATION,2019Q1,8077,1.075,26,Sustained
VALPROATE,FOETAL MALFORMATION,VALPROATE - FOETAL MALFORMATION,2019Q2,8078,1.733,74,Sustained
VALPROATE,FOETAL MALFORMATION,VALPROATE - FOETAL MALFORMATION,2019Q3,8079,2.158,143,Sustained
VALPROATE,FOETAL MALFORMATION,VALPROATE - FOETAL MALFORMATION,2019Q4,8080,2.277,208,Sustained
VALPROATE,FOETAL MALFORMATION,VALPROATE - FOETAL MALFORMATION,2020Q1,8081,2.443,299,Sustained
VALPROATE,FOETAL MALFORMATION,VALPROATE - FOETAL MALFORMATION,2020Q2,8082,2.586,409,Sustained
VALPROATE,FOETAL MALFORMATION,VALPROATE - FOETAL MALFORMATION,2020Q3,8083,2.753,554,Sustained
VALPROATE,FOETAL MALFORMATION,VALPROATE - FOETAL MALFORMATION,2020Q4,8084,2.848,694,Sustained
VALPROATE,FOETAL MALFORMATION,VALPROATE - FOETAL MALFORMATION,2021Q1,8085,2.947,860,Sustained
VALPROATE,FOETAL MALFORMATION,VALPROATE - FOETAL MALFORMATION,2021Q2,8086,3.023,1045,Sustained
VALPROATE,FOETAL MALFORMATION,VALPROATE - FOETAL MALFORMATION,2021Q3,8087,3.078,1225,Sustained
VALPROATE,FOETAL MALFORMATION,VALPROATE - FOETAL MALFORMATION,2021Q4,8088,3.147,1439,Sustained
VALPROATE,FOETAL MALFORMATION,VALPROATE - FOETAL MALFORMATION,2022Q1,8089,3.211,1682,Sustained
VALPROATE,FOETAL MALFORMATION,VALPROATE - FOETAL MALFORMATION,2022Q2,8090,3.259,1941,Sustained
VALPROATE,FOETAL MALFORMATION,VALPROATE - FOETAL MALFORMATION,2022Q3,8091,3.288,2170,Sustained
VALPROATE,FOETAL MALFORMATION,VALPROATE - FOETAL MALFORMATION,2022Q4,8092,3.322,2420,Sustained
VALPROATE,FOETAL MALFORMATION,VALPROATE - FOETAL MALFORMATION,2023Q1,8093,3.355,2646,Sustained
VALPROATE,FOETAL MALFORMATION,VALPROATE - FOETAL MALFORMATION,2023Q2,8094,3.373,2873,Sustained
VALPROATE,FOETAL MALFORMATION,VALPROATE - FOETAL MALFORMATION,2023Q3,8095,3.398,3144,Sustained
VALPROATE,FOETAL MALFORMATION,VALPROATE - FOETAL MALFORMATION,2023Q4,8096,3.412,3395,Sustained
VALPROATE,FOETAL MALFORMATION,VALPROATE - FOETAL MALFORMATION,2024Q1,8097,3.423,3634,Sustained
VALPROATE,FOETAL MALFORMATION,VALPROATE - FOETAL MALFORMATION,2024Q2,8098,3.438,3899,Sustained
VALPROATE,FOETAL MALFORMATION,VALPROATE - FOETAL MALFORMATION,2024Q3,8099,3.447,4153,Sustained
VALPROATE,FOETAL MALFORMATION,VALPROATE - FOETAL MALFORMATION,2024Q4,8100,3.452,4371,Sustained
VALPROATE,FOETAL MALFORMATION,VALPROATE - FOETAL MALFORMATION,2025Q1,8101,3.460,4606,Sustained
VARENICLINE,HEPATITIS,VARENICLINE - HEPATITIS,2019Q1,8077,0.272,20,Transient
VARENICLINE,HEPATITIS,VARENICLINE - HEPATITIS,2019Q2,8078,-0.109,28,Transient
VARENICLINE,HEPATITIS,VARENICLINE - HEPATITIS,2019Q3,8079,-0.304,37,Transient
VARENICLINE,HEPATITIS,VARENICLINE - HEPATITIS,2019Q4,8080,-0.201,52,Transient
VARENICLINE,HEPATITIS,VARENICLINE - HEPATITIS,2020Q1,8081,-0.257,61,Transient
VARENICLINE,HEPATITIS,VARENICLINE - HEPATITIS,2020Q2,8082,-0.136,78,Transient
VARENICLINE,HEPATITIS,VARENICLINE - HEPATITIS,2020Q3,8083,-0.122,91,Transient
VARENICLINE,HEPATITIS,VARENICLINE - HEPATITIS,2020Q4,8084,-0.051,107,Transient
VARENICLINE,HEPATITIS,VARENICLINE - HEPATITIS,2021Q1,8085,-0.112,115,Transient
VARENICLINE,HEPATITIS,VARENICLINE - HEPATITIS,2021Q2,8086,-0.061,132,Transient
VARENICLINE,HEPATITIS,VARENICLINE - HEPATITIS,2021Q3,8087,-0.093,141,Transient
VARENICLINE,HEPATITIS,VARENICLINE - HEPATITIS,2021Q4,8088,-0.113,151,Transient
VARENICLINE,HEPATITIS,VARENICLINE - HEPATITIS,2022Q1,8089,-0.160,158,Transient
VARENICLINE,HEPATITIS,VARENICLINE - HEPATITIS,2022Q2,8090,-0.129,173,Transient
VARENICLINE,HEPATITIS,VARENICLINE - HEPATITIS,2022Q3,8091,-0.134,184,Transient
VARENICLINE,HEPATITIS,VARENICLINE - HEPATITIS,2022Q4,8092,-0.094,202,Transient
VARENICLINE,HEPATITIS,VARENICLINE - HEPATITIS,2023Q1,8093,-0.091,215,Transient
VARENICLINE,HEPATITIS,VARENICLINE - HEPATITIS,2023Q2,8094,-0.090,227,Transient
VARENICLINE,HEPATITIS,VARENICLINE - HEPATITIS,2023Q3,8095,-0.044,246,Transient
VARENICLINE,HEPATITIS,VARENICLINE - HEPATITIS,2023Q4,8096,-0.049,258,Transient
VARENICLINE,HEPATITIS,VARENICLINE - HEPATITIS,2024Q1,8097,-0.016,277,Transient
VARENICLINE,HEPATITIS,VARENICLINE - HEPATITIS,2024Q2,8098,-0.031,288,Transient
VARENICLINE,HEPATITIS,VARENICLINE - HEPATITIS,2024Q3,8099,-0.066,294,Transient
VARENICLINE,HEPATITIS,VARENICLINE - HEPATITIS,2024Q4,8100,-0.086,301,Transient
VARENICLINE,HEPATITIS,VARENICLINE - HEPATITIS,2025Q1,8101,-0.058,319,Transient
VARENICLINE,SUICIDAL IDEATION,VARENICLINE - SUICIDAL IDEATION,2019Q1,8077,-0.364,21,Sustained
VARENICLINE,SUICIDAL IDEATION,VARENICLINE - SUICIDAL IDEATION,2019Q2,8078,0.391,58,Sustained
VARENICLINE,SUICIDAL IDEATION,VARENICLINE - SUICIDAL IDEATION,2019Q3,8079,0.600,100,Sustained
VARENICLINE,SUICIDAL IDEATION,VARENICLINE - SUICIDAL IDEATION,2019Q4,8080,0.734,149,Sustained
VARENICLINE,SUICIDAL IDEATION,VARENICLINE - SUICIDAL IDEATION,2020Q1,8081,0.969,221,Sustained
VARENICLINE,SUICIDAL IDEATION,VARENICLINE - SUICIDAL IDEATION,2020Q2,8082,1.141,309,Sustained
VARENICLINE,SUICIDAL IDEATION,VARENICLINE - SUICIDAL IDEATION,2020Q3,8083,1.265,399,Sustained
VARENICLINE,SUICIDAL IDEATION,VARENICLINE - SUICIDAL IDEATION,2020Q4,8084,1.383,507,Sustained
VARENICLINE,SUICIDAL IDEATION,VARENICLINE - SUICIDAL IDEATION,2021Q1,8085,1.437,608,Sustained
VARENICLINE,SUICIDAL IDEATION,VARENICLINE - SUICIDAL IDEATION,2021Q2,8086,1.517,735,Sustained
VARENICLINE,SUICIDAL IDEATION,VARENICLINE - SUICIDAL IDEATION,2021Q3,8087,1.565,858,Sustained
VARENICLINE,SUICIDAL IDEATION,VARENICLINE - SUICIDAL IDEATION,2021Q4,8088,1.610,988,Sustained
VARENICLINE,SUICIDAL IDEATION,VARENICLINE - SUICIDAL IDEATION,2022Q1,8089,1.642,1125,Sustained
VARENICLINE,SUICIDAL IDEATION,VARENICLINE - SUICIDAL IDEATION,2022Q2,8090,1.679,1284,Sustained
VARENICLINE,SUICIDAL IDEATION,VARENICLINE - SUICIDAL IDEATION,2022Q3,8091,1.704,1427,Sustained
VARENICLINE,SUICIDAL IDEATION,VARENICLINE - SUICIDAL IDEATION,2022Q4,8092,1.717,1568,Sustained
VARENICLINE,SUICIDAL IDEATION,VARENICLINE - SUICIDAL IDEATION,2023Q1,8093,1.739,1726,Sustained
VARENICLINE,SUICIDAL IDEATION,VARENICLINE - SUICIDAL IDEATION,2023Q2,8094,1.767,1883,Sustained
VARENICLINE,SUICIDAL IDEATION,VARENICLINE - SUICIDAL IDEATION,2023Q3,8095,1.798,2060,Sustained
VARENICLINE,SUICIDAL IDEATION,VARENICLINE - SUICIDAL IDEATION,2023Q4,8096,1.806,2210,Sustained
VARENICLINE,SUICIDAL IDEATION,VARENICLINE - SUICIDAL IDEATION,2024Q1,8097,1.811,2358,Sustained
VARENICLINE,SUICIDAL IDEATION,VARENICLINE - SUICIDAL IDEATION,2024Q2,8098,1.830,2526,Sustained
VARENICLINE,SUICIDAL IDEATION,VARENICLINE - SUICIDAL IDEATION,2024Q3,8099,1.835,2672,Sustained
VARENICLINE,SUICIDAL IDEATION,VARENICLINE - SUICIDAL IDEATION,2024Q4,8100,1.850,2830,Sustained
VARENICLINE,SUICIDAL IDEATION,VARENICLINE - SUICIDAL IDEATION,2025Q1,8101,1.851,2963,Sustained
WARFARIN,GASTROINTESTINAL HAEMORRHAGE,WARFARIN - GASTROINTESTINAL HAEMORRHAGE,2019Q1,8077,0.415,60,Sustained
WARFARIN,GASTROINTESTINAL HAEMORRHAGE,WARFARIN - GASTROINTESTINAL HAEMORRHAGE,2019Q2,8078,0.788,146,Sustained
WARFARIN,GASTROINTESTINAL HAEMORRHAGE,WARFARIN - GASTROINTESTINAL HAEMORRHAGE,2019Q3,8079,0.837,226,Sustained
WARFARIN,GASTROINTESTINAL HAEMORRHAGE,WARFARIN - GASTROINTESTINAL HAEMORRHAGE,2019Q4,8080,0.999,341,Sustained
WARFARIN,GASTROINTESTINAL HAEMORRHAGE,WARFARIN - GASTROINTESTINAL HAEMORRHAGE,2020Q1,8081,1.161,490,Sustained
WARFARIN,GASTROINTESTINAL HAEMORRHAGE,WARFARIN - GASTROINTESTINAL HAEMORRHAGE,2020Q2,8082,1.287,653,Sustained
WARFARIN,GASTROINTESTINAL HAEMORRHAGE,WARFARIN - GASTROINTESTINAL HAEMORRHAGE,2020Q3,8083,1.390,836,Sustained
WARFARIN,GASTROINTESTINAL HAEMORRHAGE,WARFARIN - GASTROINTESTINAL HAEMORRHAGE,2020Q4,8084,1.531,1096,Sustained
WARFARIN,GASTROINTESTINAL HAEMORRHAGE,WARFARIN - GASTROINTESTINAL HAEMORRHAGE,2021Q1,8085,1.594,1331,Sustained
WARFARIN,GASTROINTESTINAL HAEMORRHAGE,WARFARIN - GASTROINTESTINAL HAEMORRHAGE,2021Q2,8086,1.685,1622,Sustained
WARFARIN,GASTROINTESTINAL HAEMORRHAGE,WARFARIN - GASTROINTESTINAL HAEMORRHAGE,2021Q3,8087,1.749,1915,Sustained
WARFARIN,GASTROINTESTINAL HAEMORRHAGE,WARFARIN - GASTROINTESTINAL HAEMORRHAGE,2021Q4,8088,1.796,2223,Sustained
WARFARIN,GASTROINTESTINAL HAEMORRHAGE,WARFARIN - GASTROINTESTINAL HAEMORRHAGE,2022Q1,8089,1.852,2564,Sustained
WARFARIN,GASTROINTESTINAL HAEMORRHAGE,WARFARIN - GASTROINTESTINAL HAEMORRHAGE,2022Q2,8090,1.882,2893,Sustained
WARFARIN,GASTROINTESTINAL HAEMORRHAGE,WARFARIN - GASTROINTESTINAL HAEMORRHAGE,2022Q3,8091,1.918,3243,Sustained
WARFARIN,GASTROINTESTINAL HAEMORRHAGE,WARFARIN - GASTROINTESTINAL HAEMORRHAGE,2022Q4,8092,1.945,3581,Sustained
WARFARIN,GASTROINTESTINAL HAEMORRHAGE,WARFARIN - GASTROINTESTINAL HAEMORRHAGE,2023Q1,8093,1.964,3933,Sustained
WARFARIN,GASTROINTESTINAL HAEMORRHAGE,WARFARIN - GASTROINTESTINAL HAEMORRHAGE,2023Q2,8094,1.980,4255,Sustained
WARFARIN,GASTROINTESTINAL HAEMORRHAGE,WARFARIN - GASTROINTESTINAL HAEMORRHAGE,2023Q3,8095,1.993,4577,Sustained
WARFARIN,GASTROINTESTINAL HAEMORRHAGE,WARFARIN - GASTROINTESTINAL HAEMORRHAGE,2023Q4,8096,2.006,4900,Sustained
WARFARIN,GASTROINTESTINAL HAEMORRHAGE,WARFARIN - GASTROINTESTINAL HAEMORRHAGE,2024Q1,8097,2.019,5239,Sustained
WARFARIN,GASTROINTESTINAL HAEMORRHAGE,WARFARIN - GASTROINTESTINAL HAEMORRHAGE,2024Q2,8098,2.033,5564,Sustained
WARFARIN,GASTROINTESTINAL HAEMORRHAGE,WARFARIN - GASTROINTESTINAL HAEMORRHAGE,2024Q3,8099,2.043,5902,Sustained
WARFARIN,GASTROINTESTINAL HAEMORRHAGE,WARFARIN - GASTROINTESTINAL HAEMORRHAGE,2024Q4,8100,2.057,6249,Sustained
WARFARIN,GASTROINTESTINAL HAEMORRHAGE,WARFARIN - GASTROINTESTINAL HAEMORRHAGE,2025Q1,8101,2.065,6582,Sustained
